FID,My_FID5,Placename,Alt_names,ModernName,Confidence,Notes,Type,FID_Relate,Relation,My_FID5,Type2,FID_Relat2,References,Type_URL,Time_span,X,Y
26,1,Acapulco, ,Acapulco De Juarez,1, , ,0, ,1, ,0,Acuña 1985;INEGI: MEX_topoloc,https://www2.usgs.gov/science/records-matching.php?thcode=3&code=850,https://en.wikipedia.org/wiki/16th_century,-99.88998311,16.86491458
144,2,Acapetlahuacan,Acapetlahuaca,Acapetlahuacan,1, , ,0, ,2, ,0,Acuña 1985;Tanck de Estrada 2005: Atlas 1800,https://www2.usgs.gov/science/records-matching.php?thcode=3&code=850,https://en.wikipedia.org/wiki/16th_century,-98.44722222,18.8975
281,3,Acatempan, ,Acatempa,1, ,Estancia,260,Depends on,3, ,0,Acuña 1985;GeoNames_MX, ,https://en.wikipedia.org/wiki/16th_century,-99.366389,17.643333
471,4,África,Africa,África,1, ,Continent,0, ,4, ,0,GoogleMaps, ,https://en.wikipedia.org/wiki/16th_century,20.87464329,10.379393
472,5,Almagro, ,Almagro,1, , ,0, ,5, ,0,GoogleMaps, ,https://en.wikipedia.org/wiki/16th_century,-3.712552541,38.8886062
79,6,Acatlan,Yucu Yuxi;Yuta Tixaa,Acatlan De Osorio,1, ,Cabecera,0, ,6,Alcaldía Mayor,0,Acuña 1985;INEGI: MEX_topoloc, ,https://en.wikipedia.org/wiki/16th_century,-98.05020203,18.20422077
365,7,Santiago,Santiago de Tepeaca,Santiago Acozac,2, ,Sujeto,608,Depends on,7, ,0,Acuña 1985;GeoNames_MX, ,https://en.wikipedia.org/wiki/16th_century,-97.811667,18.956944
473,8,Andalucía, ,Andalucía,1, , ,0, ,8, ,0,GoogleMaps, ,https://en.wikipedia.org/wiki/16th_century,-5.482863716,37.32834295
474,9,Cabo Verde, ,Cabo Verde,1, , ,0, ,9, ,0,GoogleMaps, ,https://en.wikipedia.org/wiki/16th_century,-23.53459728,14.94330876
419,10,Acatonaltepec, ,Los Idolos,1,Glosa de la pintura de Veracruz,Pueblo,0, ,10, ,0,Acuña 1985;Garcia Payon 1966,https://www2.usgs.gov/science/records-matching.php?thcode=3&code=850,https://en.wikipedia.org/wiki/16th_century,-96.518268,19.411878
121,11,Acatzingo,Xalatzingo;Jalatzingo;Tzanatzinco,Acatzingo,1, ,Sujeto,608,Depends on,11, ,0,Acuña 1985;Tanck de Estrada 2005: Atlas 1800, ,https://en.wikipedia.org/wiki/16th_century,-97.78194444,18.97972222
475,12,Campeche, ,San Francisco de Campeche,1, ,Pueblo,0, ,12, ,0,De la Garza 1983;Atlas 2010,https://www2.usgs.gov/science/records-matching.php?thcode=3&code=850,https://en.wikipedia.org/wiki/16th_century,-90.52472222,19.85166667
476,13,Castilla, , ,1, , ,0, ,13, ,0,GoogleMaps, ,https://en.wikipedia.org/wiki/16th_century,-4.036373825,39.02985948
35,14,Acultzingo, ,Acultzingo,1, , ,0, ,14, ,0,Acuña 1985;Tanck de Estrada 2005: Atlas 1800,https://www2.usgs.gov/science/records-matching.php?thcode=3&code=850,https://en.wikipedia.org/wiki/16th_century,-97.29666667,18.71972222
303,15,Aguateupa,Guateupa, ,2,Dissapeared,Estancia,667,Depends on,15, ,0,Acuña 1985;Garcia de Leon 2011, ,https://en.wikipedia.org/wiki/16th_century,-95.71574,18.59728
477,16,Cempoala, ,Zempoala,1, , ,0, ,16, ,0,Acuña 1984;Tanck de Estrada 2005: Atlas 1800,https://www2.usgs.gov/science/records-matching.php?thcode=3&code=850,https://en.wikipedia.org/wiki/16th_century,-98.66972222,19.915
429,17,Aguilar el Bajo,Venta Aguilar de Bajo, ,2,Dissapeared. Glosa de la pintura de Xalapa,Inn,0, ,17, ,0,Acuña 1985;GeoNames_MX,https://www2.usgs.gov/science/records-matching.php?thcode=3&code=143,https://en.wikipedia.org/wiki/16th_century,-96.99814,19.62237
478,18,Chile, ,Chile,1, , ,0, ,18, ,0,GoogleMaps, ,https://en.wikipedia.org/wiki/16th_century,-70.6433496,-33.44778657
479,19,Europa, ,European Commission Headquarters,1, , ,0, ,19, ,0,GoogleMaps, ,https://en.wikipedia.org/wiki/16th_century,4.382640682,50.84363906
480,20,España, ,San Lorenzo del Escorial,1, , ,0, ,20, ,0,GoogleMaps, ,https://en.wikipedia.org/wiki/16th_century,-4.148009986,40.58901942
51,21,Ahuatlan, ,Ahuatlan,1, , ,0, ,21, ,0,Acuña 1985;INEGI: MEX_topoloc,https://www2.usgs.gov/science/records-matching.php?thcode=3&code=850,https://en.wikipedia.org/wiki/16th_century,-98.2557819,18.57251036
469,22,Ajujutla Chimalhuacan,Xuxutla Chimalhuacan;Santa Maria Ajutla Chimalhuacan,Chimalhuaca,1, ,Estancia,774,Depends on,22, ,0,Acuña 1985;GeoNames_MX, ,https://en.wikipedia.org/wiki/16th_century,-97.05696,18.252
176,23,San Juan Ajusco,Ajusco,San José Axuxco,1, ,Estancia,774,Depends on,23, ,0,Acuña 1985;Atlas 2010, ,https://en.wikipedia.org/wiki/16th_century,-97.2075,18.231111
481,24,Extremadura, ,Extremadura,1, , ,0, ,24, ,0,GoogleMaps, ,https://en.wikipedia.org/wiki/16th_century,-6.387246074,39.06779568
420,25,Laguna de Alchichiccan, ,Laguna de Alchichica,1, ,Lake,608,Near,25, ,0,Acuña 1985;GeoNames_MX,https://www2.usgs.gov/science/records-matching.php?thcode=3&code=596,https://en.wikipedia.org/wiki/16th_century,-97.403781,19.414561
214,26,Almería,Nauhtlan,Nautla,1, , ,0, ,26, ,0,Acuña 1985;Tanck de Estrada 2005: Atlas 1800,https://www2.usgs.gov/science/records-matching.php?thcode=3&code=850,https://en.wikipedia.org/wiki/16th_century,-96.77222222,20.20722222
151,27,Almoloncan,San Juan Bautista,Almolonga,1, ,Cabecera,28,Depends on,27, ,0,Acuña 1985;Google Maps, ,https://en.wikipedia.org/wiki/16th_century,-96.78347,19.5904
74,28,Xalapa,Xalapa de la Veracruz,Xalapa,1, ,Cabecera,0, ,28, ,0,Acuña 1985;Tanck de Estrada 2005: Atlas 1800, ,https://en.wikipedia.org/wiki/16th_century,-96.9275,19.54
482,29,Culiacan, ,Culiacan Rosales,1, , ,0, ,29, ,0,Acuña 1988;Atlas 2010,https://www2.usgs.gov/science/records-matching.php?thcode=3&code=850,https://en.wikipedia.org/wiki/16th_century,-107.393611,24.808611
323,30,Fuente de Altitlan, ,Balneario de Aguas Termales de Huehuetlan,2, ,Source,188,Within,30, ,0,Acuña 1985;GeoNames_MX,https://www2.usgs.gov/science/records-matching.php?thcode=3&code=48,https://en.wikipedia.org/wiki/16th_century,-98.175115,18.756867
33,31,Río Alvarado, , ,1, ,River,0, ,31, ,0,Acuña 1985;Google Maps,https://www2.usgs.gov/science/records-matching.php?thcode=3&code=960,https://en.wikipedia.org/wiki/16th_century,-95.78245925,18.74204409
395,32,Laguna de San Jerónimo Alxoxhuacan, ,Laguna Aljojuca,1, ,Lake,528,Near,32, ,0,Acuña 1985;GeoNames_MX,https://www2.usgs.gov/science/records-matching.php?thcode=3&code=596,https://en.wikipedia.org/wiki/16th_century,-97.53427,19.09161
416,33,Alxoxocan,Alxoxocan de Tlaculula,Alxoxuca,1, ,Sujeto,603,Depends on,33, ,0,Acuña 1985;GeoNames_MX, ,https://en.wikipedia.org/wiki/16th_century,-96.832222,19.37666
483,34,Estrecho de Magallanes, ,Estrecho de Magallanes,1, , ,0, ,34, ,0,GoogleMaps, ,https://en.wikipedia.org/wiki/16th_century,-70.79557875,-53.5696651
12,35,Amatlan, ,Amatitlan,1, , ,0, ,35, ,0,Acuña 1985;Tanck de Estrada 2005: Atlas 1800,https://www2.usgs.gov/science/records-matching.php?thcode=3&code=850,https://en.wikipedia.org/wiki/16th_century,-95.73583333,18.43444444
484,36,Perú, ,Perú,1, , ,0, ,36, ,0,GoogleMaps, ,https://en.wikipedia.org/wiki/16th_century,-76.6674997,-9.325485278
308,37,Laguna de Amatzcalapan,Amatzcalapan,Laguna del Marques,1, ,Lake,90,Near,37, ,0,Acuña 1985;GeoNames_MX,https://www2.usgs.gov/science/records-matching.php?thcode=3&code=596,https://en.wikipedia.org/wiki/16th_century,-95.46603,18.66177
21,38,Amiztlan, ,Amixtlan,1, , ,0, ,38, ,0,Acuña 1985;Tanck de Estrada 2005: Atlas 1800,https://www2.usgs.gov/science/records-matching.php?thcode=3&code=850,https://en.wikipedia.org/wiki/16th_century,-97.79833333,20.04861111
75,39,Ángeles,Ciudad de los Ángeles;Puebla;Puebla de los Angeles,Heroica Puebla de Zaragoza,1, , ,0, ,39, ,0,Acuña 1985;Atlas 2010,https://www2.usgs.gov/science/records-matching.php?thcode=3&code=850,https://en.wikipedia.org/wiki/16th_century,-98.197222,19.043889
247,40,Punta de Antón Nizardo, ,Antón Lizardo,1, , ,0, ,40, ,0,Acuña 1985;Google Maps,https://www2.usgs.gov/science/records-matching.php?thcode=3&code=850,https://en.wikipedia.org/wiki/16th_century,-95.98599728,19.06012023
334,41,Rio de Aolizapan, ,Rio Blanco,1, ,River,528,Near,41, ,0,Acuña 1985;Garcia Marquez 2005,https://www2.usgs.gov/science/records-matching.php?thcode=3&code=960,https://en.wikipedia.org/wiki/16th_century,-97.10676,18.83372
485,42,Roma, ,Basílica de San Pedro,1, , ,0, ,42, ,0,GoogleMaps, ,https://en.wikipedia.org/wiki/16th_century,12.45337236,41.90214743
103,43,Apoala, ,Apoala,1, , ,0, ,43, ,0,Acuña 1985;Tanck de Estrada 2005: Atlas 1800,https://www2.usgs.gov/science/records-matching.php?thcode=3&code=850,https://en.wikipedia.org/wiki/16th_century,-97.13888889,17.65
486,44,Meca,La Meca,Meca,1, , ,0, ,44, ,0,GoogleMaps, ,https://en.wikipedia.org/wiki/16th_century,39.82531638,21.42212666
175,45,San Jerónimo Asuchitlan,Asuchitlan,Axochitlan,1, ,Estancia,774,Depends on,45, ,0,Acuña 1985;Tanck de Estrada 2005: Atlas 1800, ,https://en.wikipedia.org/wiki/16th_century,-97.26138889,18.27944444
297,46,Atastlan,Pataxtlan, ,2,Dissapeared. Glosa de la pintura de Veracruz,Pueblo,0, ,46, ,0,Acuña 1985;GeoNames_MX,https://www2.usgs.gov/science/records-matching.php?thcode=3&code=850,https://en.wikipedia.org/wiki/16th_century,-96.03972,18.46966
424,47,Atezcac, ,Atexcatl,1, ,Cabecera,28,Depends on,47, ,0,Acuña 1985;GeoNames_MX;Allocated by research, ,https://en.wikipedia.org/wiki/16th_century,-96.698889,19.471667
487,48,Nueva España, ,México,1, , ,0, ,48, ,0,Allocated by research, ,https://en.wikipedia.org/wiki/16th_century,-99.12477328,19.45212213
222,49,Tlatiloyan,Atlatiloyan, ,2, , ,0, ,49, ,0,Acuña 1985;Allocated by research,https://www2.usgs.gov/science/records-matching.php?thcode=3&code=850,https://en.wikipedia.org/wiki/16th_century,-96.69902194,20.00864894
139,50,Atliacan, ,Atliaca,1, ,Estancia,655,Depends on,50, ,0,Acuña 1985;Tanck de Estrada 2005: Atlas 1800, ,https://en.wikipedia.org/wiki/16th_century,-99.375,17.65055556
488,51,Tabasco, ,Tabasco,1, , ,0, ,51, ,0,Acuña 1985;Atlas 2010,https://www2.usgs.gov/science/records-matching.php?thcode=3&code=850,https://en.wikipedia.org/wiki/16th_century,-92.919167,17.987778
147,52,Atlicintla,Atlacintla;Alvarado;Catlan,Alvarado,1, ,Estancia,667,Depends on,52, ,0,Acuña 1985;Atlas 2010, ,https://en.wikipedia.org/wiki/16th_century,-95.763889,18.774167
27,53,Atliquizayan, ,Atlequizayan,1, ,Sujeto,281,Depends on,53, ,0,Acuña 1985;Google Maps;Google Earth;unikloc10gw, ,https://en.wikipedia.org/wiki/16th_century,-97.624784,20.013877
57,54,Atlixco, ,Atlixco,1, , ,0, ,54, ,0,Acuña 1985;Tanck de Estrada 2005: Atlas 1800,https://www2.usgs.gov/science/records-matching.php?thcode=3&code=850,https://en.wikipedia.org/wiki/16th_century,-98.47333333,18.97722222
53,55,Tlapan, ,Tlapa,1, ,Cabecera,0, ,55, ,0,Acuña 1985;Tanck de Estrada 2005: Atlas 1800, ,https://en.wikipedia.org/wiki/16th_century,-98.57638889,17.54611111
77,56,Atoyac,Atoyaque,Atoyac,1, , ,0, ,56, ,0,Acuña 1985;Tanck de Estrada 2005: Atlas 1800,https://www2.usgs.gov/science/records-matching.php?thcode=3&code=850,https://en.wikipedia.org/wiki/16th_century,-98.13194444,17.79861111
256,57,Río Grande de Atoyac,Río de Cholula;Río de la Ciudad de los Ángeles, ,1, ,River,0, ,57, ,0,Acuña 1985;Allocated by research,https://www2.usgs.gov/science/records-matching.php?thcode=3&code=960,https://en.wikipedia.org/wiki/16th_century,-98.22430629,19.02985028
489,58,Xalisco,Jalisco,Xalisco,1, , ,0, ,58, ,0,Acuña 1984;Tanck de Estrada 2005: Atlas 1800,https://www2.usgs.gov/science/records-matching.php?thcode=3&code=850,https://en.wikipedia.org/wiki/16th_century,-104.9013889,21.44388889
125,59,Axuchitlan, ,Ajuchitlan Del Progreso,1, , ,0, ,59, ,0,Acuña 1985;INEGI: MEX_topoloc,https://www2.usgs.gov/science/records-matching.php?thcode=3&code=850,https://en.wikipedia.org/wiki/16th_century,-100.4986174,18.15850658
94,60,Santiago Ayahualulco,Santiago;Ayahualulco,Ayahualulco,1, ,Estancia,224,Depends on,60, ,0,Acuña 1985;Tanck de Estrada 2005: Atlas 1800, ,https://en.wikipedia.org/wiki/16th_century,-97.14861111,19.34972222
361,61,Ayauhtlan, , ,2,Dissapeared. Glosa de la pintura de Veracruz,Pueblo,0, ,61, ,0,Acuña 1985;GeoNames_MX;Allocated by research,https://www2.usgs.gov/science/records-matching.php?thcode=3&code=850,https://en.wikipedia.org/wiki/16th_century,-96.92984,18.93993
490,62,Yucatán, ,Yucatán,1, , ,0, ,62, ,0,GoogleMaps, ,https://en.wikipedia.org/wiki/16th_century,-89.36894743,19.19480396
491,63,Las Indias,Nuevo Mundo,Las Indias Occidentales,1, , ,0, ,63, ,0,Allocated by research, ,https://en.wikipedia.org/wiki/16th_century,-75.351208,19.24294408
457,64,San Francisco Ayotuchco, , ,2,Dissapeared. It could be the modern town called Ayotox. one league to the south from Xonotla.,Sujeto,725,Depends on,64, ,0,Acuña 1985;GeoNames_MX, ,https://en.wikipedia.org/wiki/16th_century,-97.602222,20.003889
168,65,Ayuquila, ,Ayuquililla,1, ,Estancia,329,Depends on,65, ,0,Acuña 1985;Tanck de Estrada 2005: Atlas 1800, ,https://en.wikipedia.org/wiki/16th_century,-97.95555556,17.93055556
84,66,Ayutla, ,Ayutla De Los Libres,1, , ,0, ,66, ,0,Acuña 1985;Tanck de Estrada 2005: Atlas 1800,https://www2.usgs.gov/science/records-matching.php?thcode=3&code=850,https://en.wikipedia.org/wiki/16th_century,-99.09694444,16.96472222
393,68,El Batel, ,Isla de En medio,2,Glosa de la pintura de Tlacotalpa,Island,0, ,68, ,0,Acuña 1985;GeoNames_MX,https://www2.usgs.gov/science/records-matching.php?thcode=3&code=575,https://en.wikipedia.org/wiki/16th_century,-95.9278,19.06517
183,69,Isla Blanca, ,Isla Blanquilla,1, ,Island,0, ,69, ,0,Acuña 1985;Toponimos50k,https://www2.usgs.gov/science/records-matching.php?thcode=3&code=575,https://en.wikipedia.org/wiki/16th_century,-96.097985,19.22739
453,71,Buena Vista, ,Buena Vista,2,Four leagues far from the cabecera in direction to the coast.,Estancia,248,Depends on,71, ,0,Acuña 1985;GeoNames_MX;Allocated by research, ,https://en.wikipedia.org/wiki/16th_century,-96.972778,19.950278
394,73,Cabeza de Varado, ,Arrecife de Cabeza,1, ,Reef,667,Near,73, ,0,Acuña 1985;GeoNames_MX,https://www2.usgs.gov/science/records-matching.php?thcode=3&code=921,https://en.wikipedia.org/wiki/16th_century,-95.85,19.06667
32,74,Cacahuatzintla,Quaquauhtzintlan;Quaquautzintla;Cacahuçintla,Coacoatzintla,1, ,Cabecera,28,Depends on,74, ,0,Acuña 1985;Tanck de Estrada 2005: Atlas 1800, ,https://en.wikipedia.org/wiki/16th_century,-96.94416667,19.6525
434,75,Cacalotlan, , ,2,Dissapeared. Glosa de la pintura de Veracruz,Pueblo,0, ,75, ,0,Acuña 1985;GeoNames_MX;Allocated by research,https://www2.usgs.gov/science/records-matching.php?thcode=3&code=850,https://en.wikipedia.org/wiki/16th_century,-96.40386,19.68416
447,76,Cacamatzintla,Cacahuçintla, ,2,Dissapeared. Glosa de la pintura de Veracruz,Pueblo,0, ,76, ,0,Acuña 1985;GeoNames_MX;Allocated by research,https://www2.usgs.gov/science/records-matching.php?thcode=3&code=850,https://en.wikipedia.org/wiki/16th_century,-96.53836,19.89186
178,78,Santa María Calipan,Santa María Calipa;Calipan;Calipa,Calipan,1, ,Estancia,774,Depends on,78, ,0,Acuña 1985;Atlas 2010, ,https://en.wikipedia.org/wiki/16th_century,-97.165833,18.293056
409,79,Calohuapan, , ,2,Dissapeared. Glosa de la pintura de Veracruz,Pueblo,0, ,79, ,0,Acuña 1985;GeoNames_MX;Allocated by research,https://www2.usgs.gov/science/records-matching.php?thcode=3&code=850,https://en.wikipedia.org/wiki/16th_century,-96.45158,19.3021
68,80,Calpan, ,Calpan,1, , ,0, ,80, ,0,Acuña 1985;Tanck de Estrada 2005: Atlas 1800,https://www2.usgs.gov/science/records-matching.php?thcode=3&code=850,https://en.wikipedia.org/wiki/16th_century,-98.46333333,19.10361111
173,81,Camoquauhtla, ,Camocuautla,1, ,Sujeto,281,Depends on,81, ,0,Acuña 1985;Tanck de Estrada 2005: Atlas 1800, ,https://en.wikipedia.org/wiki/16th_century,-97.75722222,20.03888889
410,83,Rio de Canoas,Río de Canoas;Huitzilapan;Río de la Veracruz,Rio La Antigua,1, ,River,0, ,83, ,0,Acuña 1985;GeoNames_MX,https://www2.usgs.gov/science/records-matching.php?thcode=3&code=960,https://en.wikipedia.org/wiki/16th_century,-96.30756,19.3137
311,84,Rio de Cañas, ,Rio Prieto,1, ,River,667,Near,84, ,0,Acuña 1985;GeoNames_MX;Garcia de Leon 2011,https://www2.usgs.gov/science/records-matching.php?thcode=3&code=960,https://en.wikipedia.org/wiki/16th_century,-95.45211,18.67189
441,85,San Miguel Capulapa,San Miguel Capulapan,Capuluaque,1, ,Sujeto,619,Depends on,85, ,0,Acuña 1985;GeoNames_MX, ,https://en.wikipedia.org/wiki/16th_century,-97.765278,19.794722
143,87,Catemaco,Acatemaco,Catemaco,1, ,Estancia,90,Depends on,87, ,0,Acuña 1985;Tanck de Estrada 2005: Atlas 1800, ,https://en.wikipedia.org/wiki/16th_century,-95.11361111,18.41944444
314,89,Caxiapa,Caxiapan, ,2,Dissapeared,Estancia,90,Depends on,89, ,0,Acuña 1985;Garcia de Leon 2011, ,https://en.wikipedia.org/wiki/16th_century,-95.25006,18.68785
130,90,Tuxtla, ,Tuxtla,1, ,Villa,0, ,90, ,0,Acuña 1985;Tanck de Estrada 2005: Atlas 1800, ,https://en.wikipedia.org/wiki/16th_century,-95.29944444,18.46166667
462,91,Caxoacan, ,Caxhuacan,2, ,Sujeto,281,Depends on,91, ,0,Acuña 1985;Melgarejo Vivanco 1949;GeoNames_MX, ,https://en.wikipedia.org/wiki/16th_century,-97.60638889,20.06388889
3,92,Cempoala, ,Zempoala,2, ,River,0, ,92, ,0,Acuña 1985;Allocated by research,https://www2.usgs.gov/science/records-matching.php?thcode=3&code=960,https://en.wikipedia.org/wiki/16th_century,-96.40962874,19.4415144
452,93,Centzonatlan, , ,2,Dissapeared. Glosa de la pintura de Xalapa,Pueblo,0, ,93, ,0,Acuña 1985;GeoNames_MX,https://www2.usgs.gov/science/records-matching.php?thcode=3&code=850,https://en.wikipedia.org/wiki/16th_century,-96.63296,19.93809
422,94,Cerro Corto,Cerro Gordo;Venta del Cerro Corto,Cerro Gordo,1,Glosa de la pintura de Xalapa,Inn,0, ,94, ,0,Acuña 1985;GeoNames_MX,https://www2.usgs.gov/science/records-matching.php?thcode=3&code=143,https://en.wikipedia.org/wiki/16th_century,-96.7004,19.43336
208,95,Cerro de Ceniza, , ,2, ,Hill,6,Near,95, ,0,Acuña 1985;Allocated by research,https://www2.usgs.gov/science/records-matching.php?thcode=3&code=710,https://en.wikipedia.org/wiki/16th_century,-98.03277653,18.21747178
209,97,Cerro de la Culebra de Estera,Petlalcoatepec,La Vibora,2, ,Hill,329,Near,97, ,0,Acuña 1985;Toponimos50k,https://www2.usgs.gov/science/records-matching.php?thcode=3&code=710,https://en.wikipedia.org/wiki/16th_century,-97.91393118,18.11499115
405,98,Ceyucan, , ,2,Dissapeared. Glosa de la pintura de Veracruz,Pueblo,0, ,98, ,0,Acuña 1985;GeoNames_MX;Allocated by research,https://www2.usgs.gov/science/records-matching.php?thcode=3&code=850,https://en.wikipedia.org/wiki/16th_century,-96.75937,19.23453
445,99,Cihuacoatlan, , ,2,Dissapeared. 14 leagues far from Xalapa, ,28,Near,99, ,0,Acuña 1985;Melgarejo 1949,https://www2.usgs.gov/science/records-matching.php?thcode=3&code=850,https://en.wikipedia.org/wiki/16th_century,-96.779144,19.8756
59,101,Chapultepec, ,Chapultepec,1, ,Cabecera,28,Depends on,101, ,0,Acuña 1985;Tanck de Estrada 2005: Atlas 1800, ,https://en.wikipedia.org/wiki/16th_century,-96.94,19.6775
238,102,Sierra de Cimayan,Cimayan, ,2, , ,0, ,102, ,0,Acuña 1985;Allocated by research,https://www2.usgs.gov/science/records-matching.php?thcode=3&code=850,https://en.wikipedia.org/wiki/16th_century,-97.83262863,19.81040258
165,103,Citlan,Miahua Ixtlahuacan, ,2,"It was 1/4 leagues far from Chilapa, previous location", ,0, ,103, ,0,Acuña 1985;Allocated by research,https://www2.usgs.gov/science/records-matching.php?thcode=3&code=850,https://en.wikipedia.org/wiki/16th_century,-99.16653888,17.60937833
436,104,Cipactlan, , ,2,Dissapeared,Pueblo,772,Near,104, ,0,Acuña 1985;GeoNames_MX,https://www2.usgs.gov/science/records-matching.php?thcode=3&code=850,https://en.wikipedia.org/wiki/16th_century,-96.80264,19.71123
265,110,San Pedro Coaixtlahuacan, ,Coaxtlahuacan,1, ,Estancia,244,Depends on,110, ,0,Acuña 1985;GeoNames_MX, ,https://en.wikipedia.org/wiki/16th_century,-99.347222,17.391667
172,111,Coatepec,Cohuatepec,Coatepec,1, ,Sujeto,281,Depends on,111, ,0,Acuña 1985;Tanck de Estrada 2005: Atlas 1800, ,https://en.wikipedia.org/wiki/16th_century,-97.7325,20.06166667
25,112,Coatzacualco,Villa del Espíritu Santo,Villa Allende,1, ,Villa,0, ,112, ,0,Acuña 1985;Scholes and Roys 1996;Google Maps, ,https://en.wikipedia.org/wiki/16th_century,-94.385122,18.14741
62,113,Coatzingo,Coatzinco,Coatzingo,1, , ,0, ,113, ,0,Acuña 1985;INEGI: MEX_topoloc,https://www2.usgs.gov/science/records-matching.php?thcode=3&code=850,https://en.wikipedia.org/wiki/16th_century,-98.17321154,18.61575587
17,114,Coayango, ,Coyayango (Coyay),1, , ,0, ,114, ,0,Acuña 1985;Tanck de Estrada 2005: Atlas 1800,https://www2.usgs.gov/science/records-matching.php?thcode=3&code=850,https://en.wikipedia.org/wiki/16th_century,-97.75611111,20.08388889
20,119,Colipan,Colipa,Colipa,1, ,Cabecera,28,Depends on,119, ,0,Acuña 1985;INEGI: MEX_topoloc, ,https://en.wikipedia.org/wiki/16th_century,-96.72825737,19.92360265
239,120,Colotlicpac,Coloticpac;Colotlipan,Colotlipa,1, ,Estancia,260,Depends on,120, ,0,Acuña 1985;Tanck de Estrada 2005: Atlas 1800, ,https://en.wikipedia.org/wiki/16th_century,-99.16555556,17.40972222
467,122,San Antonio Comulco,Comulco,Comulco,1, ,Estancia,774,Depends on,122, ,0,Acuña 1985;GeoNames_MX, ,https://en.wikipedia.org/wiki/16th_century,-97.08107,18.46186
370,123,Concepción,La Concepción,Concepción Pardiñas,2, ,Estancia,608,Depends on,123, ,0,Acuña 1985;GeoNames_MX, ,https://en.wikipedia.org/wiki/16th_century,-97.978056,18.96
369,124,Concepción de Nuestra Señora, ,La Concepción,2, ,Sujeto,363,Depends on,124, ,0,Acuña 1985;GeoNames_MX, ,https://en.wikipedia.org/wiki/16th_century,-97.66995,18.95987
351,126,Copaltlecume,Cu Paltequme;Cu Patelqueme,Archaeological site not identifed,2,Glosa de la pintura de Veracruz, ,0, ,126, ,0,Acuña 1985;GeoNames_MX,https://www2.usgs.gov/science/records-matching.php?thcode=3&code=850,https://en.wikipedia.org/wiki/16th_century,-96.20587,18.91629
212,128,Cotzoltepequec,Cotzoltepeque, ,2, ,Mountain Range,725,Near,128, ,0,Acuña 1985;Allocated by research,https://www2.usgs.gov/science/records-matching.php?thcode=3&code=708,https://en.wikipedia.org/wiki/16th_century,-97.57653902,20.04784096
279,129,Coyapesco, ,Zoyapexco,2, ,Estancia,260,Depends on,129, ,0,Acuña 1985;GeoNames_MX, ,https://en.wikipedia.org/wiki/16th_century,-99.021944,17.601111
196,130,Cozahuatlan,San Martín;San Martín Cozahuatlan;Cozauhtlan,Cosautlán de Carvajal,1, ,Estancia,224,Depends on,130, ,0,Acuña 1985;Atlas 2010, ,https://en.wikipedia.org/wiki/16th_century,-96.991111,19.3325
293,131,Cozamalhuapan, ,Cosamaloapan,1, ,Cabecera,741,Near,131, ,0,Acuña 1985;GeoNames_MX, ,https://en.wikipedia.org/wiki/16th_century,-95.79857,18.36759
287,132,Cuetlahuian,Cuitlahuiyan;Cuitlaya,Cuetlahuayan,2,There is a locality called Cuetlahuayan close to modern Tecomatlan. It appears in the Padrón de beneficiarios PROGAN 2009 (https://www.yumpu.com/it/document/read/45104009/padron-de-beneficiarios-progan-2009-sagarpa) but is not in the list of localities,Estancia,332,Depends on,132, ,0,Acuña 1985;GeoNames_MX;Allocated by research, ,https://en.wikipedia.org/wiki/16th_century,-98.255616,18.074542
87,133,Cuetlaxtlan,Cuetlaxtla;Villa de Cuetlaxtla;Cotaxtla,Cotaxtla,1, ,Villa,0, ,133, ,0,Acuña 1985;Tanck de Estrada 2005: Atlas 1800, ,https://en.wikipedia.org/wiki/16th_century,-96.39722222,18.83416667
283,135,Cuicuitlan, ,San Juan Bautista Cuicactlan,2,Glosa de la pintura de Veracruz,Pueblo,0, ,135, ,0,Acuña 1985;INEGI: MEX_topoloc,https://www2.usgs.gov/science/records-matching.php?thcode=3&code=850,https://en.wikipedia.org/wiki/16th_century,-96.96156367,17.80114713
36,136,Cuilapa, ,Villa De Cuilapam,1, , ,0, ,136, ,0,Acuña 1985;Tanck de Estrada 2005: Atlas 1800,https://www2.usgs.gov/science/records-matching.php?thcode=3&code=850,https://en.wikipedia.org/wiki/16th_century,-96.78055556,16.99583333
163,144,Chacalapa,Chacalapa de Coatzacualco,Chacalapa,1, , ,0, ,144, ,0,Acuña 1985;Google Maps,https://www2.usgs.gov/science/records-matching.php?thcode=3&code=850,https://en.wikipedia.org/wiki/16th_century,-94.70201206,18.07769183
118,147,Chachalintla, ,Chichilintla,1, ,Beneficio,0, ,147,Curato,0,Acuña 1985;Atlas 2010,https://www2.usgs.gov/science/records-matching.php?thcode=3&code=850,https://en.wikipedia.org/wiki/16th_century,-97.600556,20.260278
164,148,Chapultepec, ,Chapultepec,1, ,Estancia,169,Depends on,148, ,0,Acuña 1985;Tanck de Estrada 2005: Atlas 1800, ,https://en.wikipedia.org/wiki/16th_century,-97.92222222,17.91916667
258,150,Filipinas, , ,1, , ,0, ,150, ,0,Acuña 1985;Google Maps,https://www2.usgs.gov/science/records-matching.php?thcode=3&code=850,https://en.wikipedia.org/wiki/16th_century,121.0099516,14.5990217
217,151,Florida, , ,1, , ,0, ,151, ,0,Acuña 1985;Allocated by research,https://www2.usgs.gov/science/records-matching.php?thcode=3&code=850,https://en.wikipedia.org/wiki/16th_century,-81.54681046,27.95827914
64,153,Chiapulco, ,Chapulco,1, , ,0, ,153, ,0,Acuña 1985;Tanck de Estrada 2005: Atlas 1800,https://www2.usgs.gov/science/records-matching.php?thcode=3&code=850,https://en.wikipedia.org/wiki/16th_century,-97.41388889,18.61694444
76,155,Gitlaman,Istlaman;Xitlaman;San Francisco Gitlaman,Xitlama,1, ,Estancia,774,Depends on,155, ,0,Acuña 1985;Tanck de Estrada 2005: Atlas 1800, ,https://en.wikipedia.org/wiki/16th_century,-97.01527778,18.30444444
49,156,Chiautla, ,Chiautla,1, , ,0, ,156, ,0,Acuña 1985;Tanck de Estrada 2005: Atlas 1800,https://www2.usgs.gov/science/records-matching.php?thcode=3&code=850,https://en.wikipedia.org/wiki/16th_century,-98.60361111,18.30027778
412,157,Chicomeçuauhtli,Chicomequauhtli,Various mountains,1,Glosa de la pintura de Xalapa,Mountain Range,0, ,157, ,0,Acuña 1985;GeoNames_MX,https://www2.usgs.gov/science/records-matching.php?thcode=3&code=708,https://en.wikipedia.org/wiki/16th_century,-97.14948,19.32013
250,158,Golfo de México, , ,1, ,Gulf,0, ,158, ,0,Acuña 1985;Allocated by research,https://www2.usgs.gov/science/records-matching.php?thcode=3&code=473,https://en.wikipedia.org/wiki/16th_century,-95.4972623,19.0390647
97,160,Guatemala,Quauhtemallan,Antigua Guatemala,1, , ,0, ,160, ,0,Acuña 1985;Google Maps,https://www2.usgs.gov/science/records-matching.php?thcode=3&code=850,https://en.wikipedia.org/wiki/16th_century,-90.73486111,14.54983333
106,161,Chicomquauhco,Chiconquiaco;Chiconquiyauhco,Chiconquiaco,1, ,Cabecera,28,Depends on,161, ,0,Acuña 1985;Tanck de Estrada 2005: Atlas 1800, ,https://en.wikipedia.org/wiki/16th_century,-96.8225,19.74
128,162,Guatusco,Quauhtochco,Huatusco,1, , ,0, ,162, ,0,Acuña 1985;Tanck de Estrada 2005: Atlas 1800,https://www2.usgs.gov/science/records-matching.php?thcode=3&code=850,https://en.wikipedia.org/wiki/16th_century,-96.96666667,19.15
213,163,Chichaloya, , ,2, ,Mountain Range,725,Near,163, ,0,Acuña 1985;Allocated by research,https://www2.usgs.gov/science/records-matching.php?thcode=3&code=708,https://en.wikipedia.org/wiki/16th_century,-97.56309506,20.02838886
60,164,Guaxaca,Oaxaca;Antequera,Oaxaca De Juarez,1, , ,0, ,164, ,0,Acuña 1985;INEGI: MEX_topoloc,https://www2.usgs.gov/science/records-matching.php?thcode=3&code=850,https://en.wikipedia.org/wiki/16th_century,-96.72190157,17.0605374
154,165,Chichipahuatlan,Chichicpahuatlan,Chipahuatlan,1, ,Sujeto,281,Depends on,165, ,0,Acuña 1985;Google Maps;Google Earth;unikloc10gw, ,https://en.wikipedia.org/wiki/16th_century,-97.692151,20.061307
46,167,Guaxuapa,Huexoapan,Huajuapam,1, , ,0, ,167, ,0,Acuña 1985;Tanck de Estrada 2005: Atlas 1800,https://www2.usgs.gov/science/records-matching.php?thcode=3&code=850,https://en.wikipedia.org/wiki/16th_century,-97.77611111,17.80472222
259,168,Guinea, , ,1, , ,0, ,168, ,0,Acuña 1985;Google Maps,https://www2.usgs.gov/science/records-matching.php?thcode=3&code=850,https://en.wikipedia.org/wiki/16th_century,-13.55553552,9.645092047
4,169,Chila,Toavui,Chila,1, ,Cabecera,0, ,169, ,0,Acuña 1985;Tanck de Estrada 2005: Atlas 1800, ,https://en.wikipedia.org/wiki/16th_century,-97.86,17.97027778
141,177,Huachinango, ,Huauchinango,1, , ,0, ,177, ,0,Acuña 1985;Tanck de Estrada 2005: Atlas 1800,https://www2.usgs.gov/science/records-matching.php?thcode=3&code=850,https://en.wikipedia.org/wiki/16th_century,-98.0525,20.17472222
120,178,Chiltoyac,Chiltoyaque;Xicoyac;Tziccoac,Chiltoyac,1, ,Cabecera,28,Depends on,178, ,0,Acuña 1985;Tanck de Estrada 2005: Atlas 1800, ,https://en.wikipedia.org/wiki/16th_century,-96.86416667,19.57472222
260,179,Huahuautla,Huauhtla,Huautla De Jimenez,1, , ,0, ,179, ,0,Acuña 1985;INEGI: MEX_topoloc,https://www2.usgs.gov/science/records-matching.php?thcode=3&code=850,https://en.wikipedia.org/wiki/16th_century,-96.84112387,18.13260964
199,180,Cerro Chimalac,Chimalac, ,2, ,Hill,0, ,180, ,0,Acuña 1985;Allocated by research,https://www2.usgs.gov/science/records-matching.php?thcode=3&code=710,https://en.wikipedia.org/wiki/16th_century,-97.69582195,20.01366662
257,181,Río Huehueatl, , ,1, ,River,0, ,181, ,0,Acuña 1985;Allocated by research,https://www2.usgs.gov/science/records-matching.php?thcode=3&code=960,https://en.wikipedia.org/wiki/16th_century,-98.17167184,18.66023891
41,183,Huehuepiaztla, ,Huehuepiaxtla,1, ,Estancia,332,Depends on,183, ,0,Acuña 1985;Google Maps;Google Earth;unikloc10gw, ,https://en.wikipedia.org/wiki/16th_century,-98.388677,18.153107
289,184,Chinacasto,Zinacanoztoc, ,2,Dissapeared. Glosa de la pintura de Veracruz,Pueblo,0, ,184, ,0,Acuña 1985;GeoNames_MX,https://www2.usgs.gov/science/records-matching.php?thcode=3&code=850,https://en.wikipedia.org/wiki/16th_century,-96.28304,18.23354
411,185,Santo Andres Huehuetecpac,Huehuetequepac;Santo Andres,Huehuetcpan,1, ,Estancia,224,Depends on,185, ,0,Acuña 1985;GeoNames_MX, ,https://en.wikipedia.org/wiki/16th_century,-97.000833,19.32
14,188,Huehuetlan, ,Huehuetlan,1, ,Cabecera,472,Depends on,188, ,0,Acuña 1985;Google Maps;Tanck de Estrada 2005: Atlas 1800, ,https://en.wikipedia.org/wiki/16th_century,-98.16725219,18.73766813
145,192,Huehuetzin, , ,2, ,Hill,0, ,192, ,0,Acuña 1985;Allocated by research,https://www2.usgs.gov/science/records-matching.php?thcode=3&code=710,https://en.wikipedia.org/wiki/16th_century,-98.15255054,18.7616113
225,193,Chocanyan,Chocaman, ,1, , ,0, ,193, ,0,Acuña 1985;ProspeccionesVeracruz,https://www2.usgs.gov/science/records-matching.php?thcode=3&code=850,https://en.wikipedia.org/wiki/16th_century,-97.03195653,19.01104659
45,195,Cholula,Cholollan;Tollan Cholulan;Tullan Cholollan Tlachiuh;Tollam Cholollan;Tullan;Tullan Cholellan Tlachiuh,Cholula De Rivadabia,1, , ,0, ,195, ,0,Acuña 1985;Google Maps;INEGI: MEX_topoloc,https://www2.usgs.gov/science/records-matching.php?thcode=3&code=850,https://en.wikipedia.org/wiki/16th_century,-98.30177941,19.05826814
99,196,Huexotzingo, ,Huejotzingo,1, , ,0, ,196, ,0,Acuña 1985;Tanck de Estrada 2005: Atlas 1800,https://www2.usgs.gov/science/records-matching.php?thcode=3&code=850,https://en.wikipedia.org/wiki/16th_century,-98.40611111,19.16
161,199,Chuniapa,Chuniapan;Siquiapa,Chuniapan de Arriba,1, ,Estancia,90,Depends on,199, ,667,Acuña 1985;Atlas 2010, ,https://en.wikipedia.org/wiki/16th_century,-95.180833,18.348611
124,200,San Pedro Hueytentlan,San Pedro Hueytentla,Hueytentan,1, ,Sujeto,619,Depends on,200, ,0,Acuña 1985;Tanck de Estrada 2005: Atlas 1800, ,https://en.wikipedia.org/wiki/16th_century,-97.82166667,19.88027778
19,202,Santiago Ecatlan,Santiago Ehecatlan;Santiago,Ecatlan,1, ,Sujeto,725,Depends on,202, ,0,Acuña 1985;Tanck de Estrada 2005: Atlas 1800, ,https://en.wikipedia.org/wiki/16th_century,-97.55555556,20.05277778
65,203,Eloixtlahuacan,Yeloixtlahuacan,Yeloixtlahuacan,1, ,Estancia,6,Depends on,203, ,0,Acuña 1985;Google Maps;Google Earth;unikloc10gw, ,https://en.wikipedia.org/wiki/16th_century,-98.07861111,18.11527778
23,205,Epatlan,Yepatlan,Epatlan,1, , ,0, ,205, ,0,Acuña 1985;Tanck de Estrada 2005: Atlas 1800,https://www2.usgs.gov/science/records-matching.php?thcode=3&code=850,https://en.wikipedia.org/wiki/16th_century,-98.37027778,18.64083333
100,207,Huitzila,Huitzila,Huitzilan,1, ,Sujeto,281,Depends on,207, ,0,Acuña 1985;Tanck de Estrada 2005: Atlas 1800, ,https://en.wikipedia.org/wiki/16th_century,-97.695,19.96944444
413,209,Huitzilatl, ,Rio La Antigua,1,Glosa de la pintura de Xalapa,River,0, ,209, ,0,Acuña 1985;GeoNames_MX,https://www2.usgs.gov/science/records-matching.php?thcode=3&code=960,https://en.wikipedia.org/wiki/16th_century,-96.59889,19.32184
136,210,Huitziltepec,Huiziltepeque,Huitziltepec,1, , ,0, ,210, ,0,Acuña 1985;Tanck de Estrada 2005: Atlas 1800,https://www2.usgs.gov/science/records-matching.php?thcode=3&code=850,https://en.wikipedia.org/wiki/16th_century,-99.47944444,17.75555556
218,212,Española,"Islas de Santo Domingo,Isla Santo Domingo;Isla Española;Santo Domingo de la Isla Española",República Dominicana/Haiti,1, ,Island,0, ,212, ,0,Acuña 1985;Google Maps,https://www2.usgs.gov/science/records-matching.php?thcode=3&code=575,https://en.wikipedia.org/wiki/16th_century,-71.03738513,19.01809264
269,214,San Miguel Huitzquauhtzinco, ,San Miguel,2, ,Estancia,244,Depends on,214, ,0,Acuña 1985;GeoNames_MX, ,https://en.wikipedia.org/wiki/16th_century,-99.30207,17.46406
28,215,Espiche,Hospichan;Medellín,Medellín de Bravo,1, , ,0, ,215, ,0,Acuña 1985;INEGI: MEX_topoloc,https://www2.usgs.gov/science/records-matching.php?thcode=3&code=850,https://en.wikipedia.org/wiki/16th_century,-96.15871303,19.05980735
39,217,Icxitlan,Ñuu Saha,Ixitlan,1, ,Cabecera,0, ,217, ,0,Acuña 1985;Tanck de Estrada 2005: Atlas 1800, ,https://en.wikipedia.org/wiki/16th_century,-97.7725,17.99833333
104,219,Igualtepec, ,Ihualtepec,1, , ,0, ,219, ,0,Acuña 1985;Tanck de Estrada 2005: Atlas 1800,https://www2.usgs.gov/science/records-matching.php?thcode=3&code=850,https://en.wikipedia.org/wiki/16th_century,-98.28944444,17.73972222
179,220,Ilamatzingo, ,Ilamacingo,1, ,Estancia,332,Depends on,220, ,0,Acuña 1985;Tanck de Estrada 2005: Atlas 1800, ,https://en.wikipedia.org/wiki/16th_century,-98.24138889,18.00666667
24,221,Itzcalpan,La Rinconada;Rinconada,Ixcalpa (Rinconada),1, , ,0, ,221, ,0,Acuña 1985;Tanck de Estrada 2005: Atlas 1800,https://www2.usgs.gov/science/records-matching.php?thcode=3&code=850,https://en.wikipedia.org/wiki/16th_century,-96.56694444,19.35333333
185,222,Itzteyocan, ,Ixtayuca,1, , ,0, ,222, ,0,Acuña 1985;Google Maps;Google Earth;unikloc10gw,https://www2.usgs.gov/science/records-matching.php?thcode=3&code=850,https://en.wikipedia.org/wiki/16th_century,-97.07517,19.061401
264,223,Ixcuitlayocan, ,Ixcuinatoyac,1, ,Estancia,655,Depends on,223, ,0,Acuña 1985;Tello 2010;GeoNames_MX, ,https://en.wikipedia.org/wiki/16th_century,-99.729444,17.3675
89,224,Ixhuacan de los Reyes,Ixhuacan,Ixhuacan,1, ,Cabecera,28,Depends on,224, ,0,Acuña 1985;Tanck de Estrada 2005: Atlas 1800, ,https://en.wikipedia.org/wiki/16th_century,-97.11694444,19.35555555
123,225,Ixhuatlan, ,Ixhuatlan,1, , ,0, ,225, ,0,Acuña 1985;Tanck de Estrada 2005: Atlas 1800,https://www2.usgs.gov/science/records-matching.php?thcode=3&code=850,https://en.wikipedia.org/wiki/16th_century,-96.98416667,19.05083333
44,227,San Juan Iztaquimaxtitlan, ,Ixtacamaxtitlán,1, , ,0, ,227, ,0,Acuña 1985;Tanck de Estrada 2005: Atlas 1800,https://www2.usgs.gov/science/records-matching.php?thcode=3&code=850,https://en.wikipedia.org/wiki/16th_century,-97.81444444,19.62194444
459,229,Iztepec, ,Ixtepec,1, ,Sujeto,281,Depends on,229, ,0,Acuña 1985;Tanck de Estrada 2005: Atlas 1800, ,https://en.wikipedia.org/wiki/16th_century,-97.64944444,20.02333333
6,230,Izúcar,Itzocan,Izúcar de Matamoros,1, , ,0, ,230, ,0,Acuña 1985;Tanck de Estrada 2005: Atlas 1800,https://www2.usgs.gov/science/records-matching.php?thcode=3&code=850,https://en.wikipedia.org/wiki/16th_century,-98.465,18.60305556
177,231,San Martín Mazateopan,Mazateopan,Mazateopan,1, ,Estancia,774,Depends on,231, ,0,Acuña 1985;Tanck de Estrada 2005: Atlas 1800, ,https://en.wikipedia.org/wiki/16th_century,-96.81611111,18.45166667
255,234,Río de Medellín, , ,2, ,River,0, ,234, ,0,Acuña 1985;Allocated by research,https://www2.usgs.gov/science/records-matching.php?thcode=3&code=960,https://en.wikipedia.org/wiki/16th_century,-96.13473748,19.07042311
306,241,San Agustin Miahuatlan, , ,2,Dissapeared,Estancia,763,Depends on,241, ,0,Acuña 1985;GeoNames_MX, ,https://en.wikipedia.org/wiki/16th_century,-98.161393,18.646142
396,242,Mictanquauhtla, ,archaeological site Dos Bocas (or close),2,Glosa de la pintura de Tlacotalpa,Aztec garrison,0, ,242, ,0,Acuña 1985;Garcia 2005,https://www2.usgs.gov/science/records-matching.php?thcode=3&code=674,https://en.wikipedia.org/wiki/16th_century,-96.11836,19.0954
263,243,Santa Maria Mictlantzingo,Santa Maria Mictlantzinco,Mixtlancingo,1, ,Estancia,244,Depends on,243, ,0,Acuña 1985;GeoNames_MX, ,https://en.wikipedia.org/wiki/16th_century,-99.34173,17.35404
52,244,Muchitlan,Mochitlan,Mochitlan,1, , ,0, ,244, ,0,Acuña 1985;Tanck de Estrada 2005: Atlas 1800,https://www2.usgs.gov/science/records-matching.php?thcode=3&code=850,https://en.wikipedia.org/wiki/16th_century,-99.36916667,17.47138889
113,245,Miltepec, ,Miltepec,1, , ,0, ,245, ,0,Acuña 1985;Tanck de Estrada 2005: Atlas 1800,https://www2.usgs.gov/science/records-matching.php?thcode=3&code=850,https://en.wikipedia.org/wiki/16th_century,-97.68944444,17.98416667
285,247,Minchapa, ,Rio San Juan,1, ,River,31,Near,247, ,0,Acuña 1985;GeoNames_MX,https://www2.usgs.gov/science/records-matching.php?thcode=3&code=960,https://en.wikipedia.org/wiki/16th_century,-95.20737,18.02483
111,248,Misantla,Mazantla;Misantla de la Nueva España,Misantla,1, ,Cabecera,0, ,248, ,0,Acuña 1985;Tanck de Estrada 2005: Atlas 1800, ,https://en.wikipedia.org/wiki/16th_century,-96.85416667,19.92722222
443,254,Mixtla, , ,2,Dissapeared. Glosa de la pintura de Veracruz,Pueblo,0, ,254, ,0,Acuña 1985;GeoNames_MX,https://www2.usgs.gov/science/records-matching.php?thcode=3&code=850,https://en.wikipedia.org/wiki/16th_century,-96.73678,19.84539
302,255,Mixtlan, ,Mixtla de Altamirano,1,Glosa de la pintura de Veracruz,Pueblo,0, ,255, ,0,Acuña 1985;Carrasco 2011,https://www2.usgs.gov/science/records-matching.php?thcode=3&code=850,https://en.wikipedia.org/wiki/16th_century,-96.99277778,18.59416667
167,256,Mizquitepec, ,Mixquitepec,1, ,Estancia,6,Depends on,256, ,0,Acuña 1985;Atlas 2010, ,https://en.wikipedia.org/wiki/16th_century,-98.139167,18.080278
402,258,Monte de Carnero,Monte de Carneros,Puerto de Veracruz,1,Glosa de la pintura de Tlacotalpa,Dune,0, ,258, ,0,Acuña 1985;Garcia de Leon 2011,https://www2.usgs.gov/science/records-matching.php?thcode=3&code=342,https://en.wikipedia.org/wiki/16th_century,-96.15546,19.20619
270,259,Santa Ana Muchitlan,Santa Ana Mochitlan,Mochitlan,1, ,Estancia,244,Depends on,259, ,0,Acuña 1985;Mundy 1996, ,https://en.wikipedia.org/wiki/16th_century,-99.370278,17.470278
7,260,Chilapan,Chilapa,Chilapa,1, , ,0, ,260, ,0,Acuña 1985;Tanck de Estrada 2005: Atlas 1800,https://www2.usgs.gov/science/records-matching.php?thcode=3&code=850,https://en.wikipedia.org/wiki/16th_century,-99.17666667,17.59861111
428,263,La Joya, ,La Joya,1,Glosa de la pintura de Xalapa,Inn,28,Near,263, ,0,Acuña 1985;GeoNames_MX,https://www2.usgs.gov/science/records-matching.php?thcode=3&code=143,https://en.wikipedia.org/wiki/16th_century,-97.02687,19.61099
11,264,Juchique de Ferrer,Xicuixicoco,Juchique de Ferrer,1, , ,0, ,264, ,0,Acuña 1985;Atlas 2010; Cline 1959: Cuadro 21,https://www2.usgs.gov/science/records-matching.php?thcode=3&code=850,https://en.wikipedia.org/wiki/16th_century,-96.694722,19.841111
8,265,Jujupango,Xuxupango,Jojupango,1, ,Cabecera,0, ,265, ,0,Acuña 1985;Tanck de Estrada 2005: Atlas 1800, ,https://en.wikipedia.org/wiki/16th_century,-97.77083333,20.095
249,266,Punta de Lagarto, ,Punta El Lagarto,2, , ,0, ,266, ,0,Acuña 1985;GeoNames_Mx,https://www2.usgs.gov/science/records-matching.php?thcode=3&code=850,https://en.wikipedia.org/wiki/16th_century,-95.13158,18.67345
92,268,Malacatepec, ,Malacatepec,1, , ,0, ,268, ,0,Acuña 1985;Tanck de Estrada 2005: Atlas 1800,https://www2.usgs.gov/science/records-matching.php?thcode=3&code=850,https://en.wikipedia.org/wiki/16th_century,-98.30138889,18.94111111
291,269,Mamaltepec, , ,2,Dissapeared. Glosa de la pintura de Veracruz,Pueblo,0, ,269, ,0,Acuña 1985;GeoNames_MX,https://www2.usgs.gov/science/records-matching.php?thcode=3&code=850,https://en.wikipedia.org/wiki/16th_century,-95.91022,18.26925
215,270,Mar del Norte, , ,2, ,Sea,0, ,270, ,0,Acuña 1985;Allocated by research,https://www2.usgs.gov/science/records-matching.php?thcode=3&code=1015,https://en.wikipedia.org/wiki/16th_century,-94.64480019,20.00849701
216,271,Mar del Sur,Océano Pacífico, ,2, ,Sea,0, ,271, ,0,Acuña 1985;Allocated by research,https://www2.usgs.gov/science/records-matching.php?thcode=3&code=1015,https://en.wikipedia.org/wiki/16th_century,-97.03376054,14.27338344
160,273,Matlacapan, ,Maxacapan,1, ,Estancia,90,Depends on,273, ,0,Acuña 1985;Google Maps, ,https://en.wikipedia.org/wiki/16th_century,-95.12308942,18.39014669
93,276,Matlatlan, ,Maltrata,1, , ,0, ,276, ,0,Acuña 1985;Tanck de Estrada 2005: Atlas 1800,https://www2.usgs.gov/science/records-matching.php?thcode=3&code=850,https://en.wikipedia.org/wiki/16th_century,-97.27638889,18.81138889
159,277,Maxtlatlan, ,Alto Lucero,1, ,Cabecera,28,Depends on,277, ,0,Acuña 1985;Atlas 2010, ,https://en.wikipedia.org/wiki/16th_century,-96.733611,19.623333
171,279,Nanacatlan, ,Nanacatlan,1, ,Sujeto,281,Depends on,279, ,0,Acuña 1985;Tanck de Estrada 2005: Atlas 1800, ,https://en.wikipedia.org/wiki/16th_century,-97.67583333,20.00305556
13,281,Hueytlalpa,Hueytlalpan;Teutlalpan;Teutlalpa;Güeytlalpa,Hueytlalpan,1, ,Cabecera,0, ,281,Alcaldia Mayor,0,Acuña 1985;Tanck de Estrada 2005: Atlas 1800, ,https://en.wikipedia.org/wiki/16th_century,-97.69638889,20.02666667
81,282,Naolingo,Teucnaolinco;Naolinco,Naolinco de Victoria,1, ,Cabecera,28,Depends on,282, ,0,Acuña 1985;Atlas 2010, ,https://en.wikipedia.org/wiki/16th_century,-96.873611,19.655
150,283,Nappatecuhtli,Nappateuctli;Sierra del Cofre, ,2, ,Mountain Range,0, ,283, ,0,Acuña 1985;Allocated by research,https://www2.usgs.gov/science/records-matching.php?thcode=3&code=708,https://en.wikipedia.org/wiki/16th_century,-97.1455678,19.5023778
10,284,Nestequilan, ,Nexquitilan,1, ,Sujeto,281,Depends on,284, ,0,Acuña 1985;Tanck de Estrada 2005: Atlas 1800, ,https://en.wikipedia.org/wiki/16th_century,-97.6425,20.00722222
236,287,Sierra Nexmetoyan,Nexmetoyan, ,2, , ,0, ,287, ,0,Acuña 1985;Allocated by research,https://www2.usgs.gov/science/records-matching.php?thcode=3&code=850,https://en.wikipedia.org/wiki/16th_century,-97.79469695,19.79057465
191,288,Nicaragua, ,Catedral Santiago de Managua,1, , ,0, ,288, ,0,Acuña 1985;Google Maps,https://www2.usgs.gov/science/records-matching.php?thcode=3&code=850,https://en.wikipedia.org/wiki/16th_century,-86.27128652,12.15632203
275,291,Nonotla, , ,2,Dissapeared,Estancia,244,Depends on,291, ,0,Acuña 1985;Allocated by research, ,https://en.wikipedia.org/wiki/16th_century,-99.37207,17.51431
2,292,Nopalucan, ,Nopalucan,1, , ,0, ,292, ,0,Acuña 1985;Tanck de Estrada 2005: Atlas 1800,https://www2.usgs.gov/science/records-matching.php?thcode=3&code=850,https://en.wikipedia.org/wiki/16th_century,-97.82166667,19.21444444
244,294,Nuestra Señora de la Consolación, , ,2, ,Church,0, ,294, ,0,Acuña 1985;Allocation by research,https://www2.usgs.gov/science/records-matching.php?thcode=3&code=931,https://en.wikipedia.org/wiki/16th_century,-96.14450083,19.20211673
246,300,Oaxtepeque, ,Oaxtepec,1, , ,0, ,300, ,0,Acuña 1985;Tanck de Estrada 2005: Atlas 1800,https://www2.usgs.gov/science/records-matching.php?thcode=3&code=850,https://en.wikipedia.org/wiki/16th_century,-98.97027778,18.90638889
170,302,Ocelonacaztla, ,Ocelonacaxtla,1, ,Sujeto,281,Depends on,302, ,0,Acuña 1985;Tanck de Estrada 2005: Atlas 1800, ,https://en.wikipedia.org/wiki/16th_century,-97.61305556,20.04722222
284,304,Olamatlan, ,Olomatlan,1, ,Estancia,332,Depends on,304, ,0,Acuña 1985;GeoNames_MX, ,https://en.wikipedia.org/wiki/16th_century,-98.269722,17.946111
399,305,Olinca, , ,2,Dissapeared. Glosa de la pintura de Veracruz,Pueblo,0, ,305, ,0,Acuña 1985;GeoNames_MX,https://www2.usgs.gov/science/records-matching.php?thcode=3&code=850,https://en.wikipedia.org/wiki/16th_century,-97.173248,19.174154
152,306,Olintla,Olintlan,Olintla,1, ,Sujeto,281,Depends on,306, ,0,Acuña 1985;Tanck de Estrada 2005: Atlas 1800, ,https://en.wikipedia.org/wiki/16th_century,-97.68194444,20.09861111
198,307,Omeapan, ,Omeapa,1, ,Sujeto,603,Depends on,307, ,0,Acuña 1985;Atlas 2010, ,https://en.wikipedia.org/wiki/16th_century,-97.028889,19.712222
292,308,Opan de Minsapa, ,Peña hermosa,1,Glosa de la pintura de Tlacotalpa,Region,0, ,308, ,0,Acuña 1985;Garcia de Leon 2011,https://www2.usgs.gov/science/records-matching.php?thcode=3&code=10,https://en.wikipedia.org/wiki/16th_century,-94.69065,18.34811
78,310,Aolizapan,Orizaba,Orizaba,1, , ,0, ,310, ,0,Acuña 1985;Tanck de Estrada 2005: Atlas 1800,https://www2.usgs.gov/science/records-matching.php?thcode=3&code=850,https://en.wikipedia.org/wiki/16th_century,-97.10361111,18.84972222
338,311,Ostral, ,Close to modern La Conchita,1,Glosa de la pintura de Tlacotalpa,Oyster bed,0, ,311, ,0,Acuña 1985;GeoNames_MX,https://www2.usgs.gov/science/records-matching.php?thcode=3&code=392,https://en.wikipedia.org/wiki/16th_century,-95.89289,18.84616
290,312,San Pedro Otontepetl,Otontepetl,San Pedro Tetitlan,1, ,Estancia,774,Depends on,312, ,0,Acuña 1985;Galarza 1989;GeoNames_MX, ,https://en.wikipedia.org/wiki/16th_century,-97.324192,18.261297
286,314,Oxitlan, ,San Lucas Ojitlan,1,Glosa de la pintura de Veracruz,Pueblo,0, ,314, ,0,Acuña 1985;Carrasco 2011,https://www2.usgs.gov/science/records-matching.php?thcode=3&code=850,https://en.wikipedia.org/wiki/16th_century,-96.39583333,18.05972222
433,315,Ozomatzintla, , ,2,Dissapeared. Glosa de la pintura de Veracruz,Pueblo,0, ,315, ,0,Acuña 1985;GeoNames_MX,https://www2.usgs.gov/science/records-matching.php?thcode=3&code=850,https://en.wikipedia.org/wiki/16th_century,-96.40373,19.68019
404,317,Ozumba, ,San Jose Ozumba,1, ,Inn,608,Near,317, ,0,Acuña 1985;GeoNames_MX,https://www2.usgs.gov/science/records-matching.php?thcode=3&code=143,https://en.wikipedia.org/wiki/16th_century,-97.72833,19.23306
219,318,Minas de Pachuca, ,Pachuca de Soto,1, ,Mining Camp,0, ,318, ,0,Acuña 1985;Atlas 2010,https://www2.usgs.gov/science/records-matching.php?thcode=3&code=685,https://en.wikipedia.org/wiki/16th_century,-98.736944,20.122222
243,319,Isla de Pájaros,Pájaros,Pájaros,1, ,Island,0, ,319, ,0,Acuña 1985;Toponimos50k,https://www2.usgs.gov/science/records-matching.php?thcode=3&code=575,https://en.wikipedia.org/wiki/16th_century,-96.08980362,19.18924555
253,321,Río de las Palmas, , ,2, ,River,248,Near,321, ,0,Acuña 1985;Allocated by research,https://www2.usgs.gov/science/records-matching.php?thcode=3&code=960,https://en.wikipedia.org/wiki/16th_century,-96.79111279,19.96513578
220,322,Panamá, ,Panamá,1, , ,0, ,322, ,0,Acuña 1985;Google Maps,https://www2.usgs.gov/science/records-matching.php?thcode=3&code=850,https://en.wikipedia.org/wiki/16th_century,-79.23468295,9.061562387
117,324,Pánuco, ,Pánuco,1, , ,0, ,324, ,0,Acuña 1985;Tanck de Estrada 2005: Atlas 1800,https://www2.usgs.gov/science/records-matching.php?thcode=3&code=850,https://en.wikipedia.org/wiki/16th_century,-98.181111,22.053611
58,325,Papantla, ,Papantla,1, ,Cabecera,0, ,325, ,0,Acuña 1985;Tanck de Estrada 2005: Atlas 1800, ,https://en.wikipedia.org/wiki/16th_century,-97.32,20.44777778
398,327,Palo,Pato,Parque marino nacional Sistema Arrecifal Veracruzano,1,Glosa de la pintura de Tlacotalpa,Reef,0, ,327, ,0,Acuña 1985;GeoNames_MX,https://www2.usgs.gov/science/records-matching.php?thcode=3&code=921,https://en.wikipedia.org/wiki/16th_century,-95.97399,19.10297
119,328,Perote, ,Perote,1, , ,0, ,328, ,0,Acuña 1985;Tanck de Estrada 2005: Atlas 1800,https://www2.usgs.gov/science/records-matching.php?thcode=3&code=850,https://en.wikipedia.org/wiki/16th_century,-97.24277778,19.56
15,329,Petlaltzingo,Ñuu Yuvui,Petlalcingo,1, ,Cabecera,0, ,329, ,0,Acuña 1985;Tanck de Estrada 2005: Atlas 1800, ,https://en.wikipedia.org/wiki/16th_century,-97.91666667,18.08277778
294,330,Petlapan,San Joseph Petlapan,San Jose Petlapa,1,Glosa de la pintura de Cuzcatlan,Pueblo,0, ,330, ,0,Acuña 1985;GeoNames_MX,https://www2.usgs.gov/science/records-matching.php?thcode=3&code=850,https://en.wikipedia.org/wiki/16th_century,-96.775126,18.399046
278,331,Petlatlan, ,Petatlan,1, ,Estancia,260,Depends on,331, ,0,Acuña 1985;Tanck de Estrada 2005: Atlas 1800, ,https://en.wikipedia.org/wiki/16th_century,-98.99055556,17.58027778
30,332,Piaztla,Chinantla;Saha Ñuu Quu,Piaxtla,1, ,Cabecera,0, ,332, ,0,Acuña 1985;INEGI: MEX_topoloc, ,https://en.wikipedia.org/wiki/16th_century,-98.25240486,18.20036947
439,336,Cerro Pohayo,Pohayo, ,2, ,Hill,732,Near,336, ,0,Acuña 1985;GeoNames_MX,https://www2.usgs.gov/science/records-matching.php?thcode=3&code=710,https://en.wikipedia.org/wiki/16th_century,-97.73178,19.78748
261,337,Popayán, , ,1, , ,0, ,337, ,0,Acuña 1985;Google Maps,https://www2.usgs.gov/science/records-matching.php?thcode=3&code=850,https://en.wikipedia.org/wiki/16th_century,-76.61415899,2.442099085
202,338,Volcán Popocatepetl,Popocatepetl;sierra y volcán de México,Popocatepetl,1, ,Volcano,0, ,338, ,0,Acuña 1985;Google Maps,https://www2.usgs.gov/science/records-matching.php?thcode=3&code=1209,https://en.wikipedia.org/wiki/16th_century,-98.62376841,19.02317214
455,340,Poztectlan, ,Poxtitlan,2, ,Estancia,248,Depends on,340, ,0,Acuña 1985;GeoNames_MX, ,https://en.wikipedia.org/wiki/16th_century,-96.916389,19.970278
313,341,Puctla, , ,2,Dissapeared. Glosa de la pintura de Veracruz,Pueblo,0, ,341, ,0,Acuña 1985;Garcia de Leon 2011,https://www2.usgs.gov/science/records-matching.php?thcode=3&code=850,https://en.wikipedia.org/wiki/16th_century,-95.84924,18.68418
468,345,La Purificación, ,Candelaria Purificación,2, ,Estancia,608,Depends on,345, ,0,Acuña 1985;GeoNames_MX, ,https://en.wikipedia.org/wiki/16th_century,-97.87607,18.93043
248,346,Punta Gorda, ,Punta Gorda,2, , ,0, ,346, ,0,Acuña 1985;GeoNames_Mx,https://www2.usgs.gov/science/records-matching.php?thcode=3&code=850,https://en.wikipedia.org/wiki/16th_century,-96.17807,19.24592
131,347,Quacultenango,Cacholtenango,Tomatlan,1,Estancia, ,0, ,347, ,0,Acuña 1985;Tanck de Estrada 2005: Atlas 1800,https://www2.usgs.gov/science/records-matching.php?thcode=3&code=850,https://en.wikipedia.org/wiki/16th_century,-97.01055556,19.03194444
271,350,San Andres Quauhtamaltitlan, ,Coatomatitlan,1, ,Estancia,244,Depends on,350, ,0,Acuña 1985;GeoNames_MX, ,https://en.wikipedia.org/wiki/16th_century,-99.3225,17.473611
450,353,San Esteban Quauhtenco,Tcoquauhtenco;San Esteban;Tzanaquauhtla;Teoquauhtenco;Quauhtenco;San Esteban Tzanaquauhtla,San Esteban Cuautempa,1, ,Sujeto,619,Depends on,353, ,0,Acuña 1985;GeoNames_MX, ,https://en.wikipedia.org/wiki/16th_century,-97.79498,19.9138
251,354,Quauhtepec, , ,2, , ,0, ,354, ,0,Acuña 1985;Allocated by research,https://www2.usgs.gov/science/records-matching.php?thcode=3&code=850,https://en.wikipedia.org/wiki/16th_century,-96.45364295,19.85291823
142,355,Quauhtinchan, ,Cuautinchan,1, , ,0, ,355, ,0,Acuña 1985;Tanck de Estrada 2005: Atlas 1800,https://www2.usgs.gov/science/records-matching.php?thcode=3&code=850,https://en.wikipedia.org/wiki/16th_century,-98.01722222,18.95555556
240,357,Convento Agustino de Quauhtlatlaucan, ,Ex Convento Agustino de Huatlatlauca,1, ,Convent,0, ,357, ,0,Acuña 1985;Google Maps,https://www2.usgs.gov/science/records-matching.php?thcode=3&code=931,https://en.wikipedia.org/wiki/16th_century,-98.05152055,18.6771567
42,359,Quauhtotola,Quatotola,Cuautotola,1, , ,0, ,359, ,0,Acuña 1985;Tanck de Estrada 2005: Atlas 1800,https://www2.usgs.gov/science/records-matching.php?thcode=3&code=850,https://en.wikipedia.org/wiki/16th_century,-97.79638889,20.06805556
423,360,Santa Maria de la Concepción Quauhtotolapa,Quauhtotolapa;Santa Maria de la Concepción, ,2,Dissapeared,Estancia,224,Depends on,360, ,0,Acuña 1985;Melgarejo 1949, ,https://en.wikipedia.org/wiki/16th_century,-97.154903,19.438152
262,361,Quauhxilotlan,San Miguel Quauhxilotlan,Cuajilotla,1, ,Estancia,244,Depends on,361, ,0,Acuña 1985;GeoNames_MX, ,https://en.wikipedia.org/wiki/16th_century,-99.361111,17.284167
432,362,San Miguel, ,San Miguel,2, ,Sujeto,28,Depends on,362, ,0,Acuña 1985;GeoNames_MX, ,https://en.wikipedia.org/wiki/16th_century,-97.083611,19.672222
112,363,Quecholac, ,Quecholac,1, , ,0, ,363, ,0,Acuña 1985;Tanck de Estrada 2005: Atlas 1800,https://www2.usgs.gov/science/records-matching.php?thcode=3&code=850,https://en.wikipedia.org/wiki/16th_century,-97.6575,18.95444444
408,366,San Miguel Quilayoc,Quiloyac;San Miguel,Quiliayo,1, ,Estancia,224,Depends on,366, ,0,Acuña 1985;GeoNames_MX, ,https://en.wikipedia.org/wiki/16th_century,-97.125833,19.300556
148,368,Quimichitlan,Quimichtlan,Quimixtlan,1, , ,0, ,368, ,0,Acuña 1985;Tanck de Estrada 2005: Atlas 1800,https://www2.usgs.gov/science/records-matching.php?thcode=3&code=850,https://en.wikipedia.org/wiki/16th_century,-97.135,19.25305556
252,371,Quiyotepec, ,Quiotepec,1, , ,0, ,371, ,0,Acuña 1985;Tanck de Estrada 2005: Atlas 1800,https://www2.usgs.gov/science/records-matching.php?thcode=3&code=850,https://en.wikipedia.org/wiki/16th_century,-96.98194444,17.89944444
418,376,Venta del Rio, ,Plan del Rio,1,Glosa de la pintura de Xalapa,Inn,0, ,376, ,0,Acuña 1985;GeoNames_MX,https://www2.usgs.gov/science/records-matching.php?thcode=3&code=143,https://en.wikipedia.org/wiki/16th_century,-96.6525,19.40184
317,379,Roca Partida, , ,1, ,Cliff,667,Near,379, ,0,Acuña 1985;GeoNames_MX,https://www2.usgs.gov/science/records-matching.php?thcode=3&code=211,https://en.wikipedia.org/wiki/16th_century,-95.183143,18.705052
98,381,San Juan de Ulúa,Puerto de San Juan de Ulúa,Castillo San Juan de Ulúa,1, ,Harbor,0, ,381, ,0,Acuña 1985;Toponimos50k,https://www2.usgs.gov/science/records-matching.php?thcode=3&code=485,https://en.wikipedia.org/wiki/16th_century,-96.12785417,19.21096055
188,382,Los Reyes, ,Santos Reyes,1, ,Sujeto,608,Depends on,382, ,0,Acuña 1985;Tanck de Estrada 2005: Atlas 1800, ,https://en.wikipedia.org/wiki/16th_century,-97.8125,18.94388889
182,383,Isla de Sacrificio,Isla de Sacrificios,Isla de Sacrificios,1, ,Island,0, ,383, ,0,Acuña 1985;Google Maps,https://www2.usgs.gov/science/records-matching.php?thcode=3&code=575,https://en.wikipedia.org/wiki/16th_century,-96.09209227,19.17506464
331,388,San Agustin de Huehuetlan, ,San Agustin Ahuehuetla,1, ,Sujeto,188,Depends on,388, ,0,Acuña 1985;GeoNames_MX, ,https://en.wikipedia.org/wiki/16th_century,-98.165869,18.797497
390,389,San Agustin de Tepeaca,San Agustin,San Agustin Tlaxco,2, ,Estancia,608,Depends on,389, ,0,Acuña 1985;GeoNames_MX, ,https://en.wikipedia.org/wiki/16th_century,-97.991389,19.058611
336,390,San Agustin de Quecholac,San Agustin;Santo Agustin;Santo Agustin de Tecamachalco,San Agustin,2, ,Sujeto,363,Depends on,390, ,528,Acuña 1985;GeoNames_MX, ,https://en.wikipedia.org/wiki/16th_century,-97.560278,18.839167
389,394,San Lorenzo de Quecholac,San Lorenzo,San Lorenzo Joya de Rodriguez,2, ,Sujeto,363,Depends on,394, ,0,Acuña 1985;GeoNames_MX, ,https://en.wikipedia.org/wiki/16th_century,-97.853333,19.054444
366,395,San Lorenzo de Tecali,San Lorenzo;Sam Lorenzo;San Lorenzo de Tepeaca;San Luis y San Lorenzo;San Luis y San Lorenzo de Tepeaca,San Lorenzo (La Cañada),2, ,Sujeto,523,Depends on,395, ,608,Acuña 1985;GeoNames_MX, ,https://en.wikipedia.org/wiki/16th_century,-97.959722,18.957222
449,400,San Antonio de Zacatlan, ,San Antonio Buenavista,2, ,Sujeto,759,Depends on,400, ,0,Acuña 1985;GeoNames_MX, ,https://en.wikipedia.org/wiki/16th_century,-98.045833,19.911667
335,402,San Antonio de Tecali,San Antonio;San Antonio de Tepeaca,San Antonio,2, ,Sujeto,523,Depends on,402,Estancia,608,Acuña 1985;GeoNames_MX, ,https://en.wikipedia.org/wiki/16th_century,-97.893333,18.837778
312,405,San Lucas de Tecamachalco,San Lucas;San Lucas de Tepeaca,San Lucas el Viejo,2, ,Sujeto,528,Depends on,405,Estancia,608,Acuña 1985;GeoNames_MX, ,https://en.wikipedia.org/wiki/16th_century,-97.718889,18.676944
316,407,San Baltasar de Huehuetlan, ,San Baltazar Quetzalapa,2, ,Sujeto,188,Depends on,407, ,0,Acuña 1985;GeoNames_MX, ,https://en.wikipedia.org/wiki/16th_century,-98.056954,18.702865
339,408,San Baltasar de Tecali,San Baltasar,San Baltzar,2, ,Sujeto,523,Depends on,408, ,0,Acuña 1985;GeoNames_MX, ,https://en.wikipedia.org/wiki/16th_century,-97.755278,18.875
358,412,San Luis de Tecali,San Luis;San Luis de Tepeaca,San Luis Ajajalpan,2, ,Sujeto,523,Depends on,412, ,608,Acuña 1985;GeoNames_MX, ,https://en.wikipedia.org/wiki/16th_century,-97.936944,18.933611
451,413,San Bartolome de Zacatlan, ,San Bartolo,2, ,Sujeto,759,Depends on,413, ,0,Acuña 1985;GeoNames_MX, ,https://en.wikipedia.org/wiki/16th_century,-97.965278,19.9175
333,414,San Bartolome de Huehuetlan, ,San Bartolome Chimalhuacan,2, ,Sujeto,188,Depends on,414, ,0,Acuña 1985;GeoNames_MX, ,https://en.wikipedia.org/wiki/16th_century,-98.258035,18.825061
186,415,San Bartolomé de Tepeaca,S Bartolomé;San Bartolomé,San Bartolome (Hueyapan),1, ,Sujeto,608,Depends on,415, ,0,Acuña 1985;Tanck de Estrada 2005: Atlas 1800, ,https://en.wikipedia.org/wiki/16th_century,-97.93027778,19.02444444
352,417,San Bartolome de Quecholac y Tecali,San Bartolome;San Bartolome de Tecamachalco,San Bartolome Coscomaya,2, ,Sujeto,523,Depends on,417, ,528,Acuña 1985;GeoNames_MX, ,https://en.wikipedia.org/wiki/16th_century,-97.618333,18.9175
458,419,San Marcos de Zacatlan, ,San Marcos Eloxochitlan,2, ,Sujeto,759,Depends on,419, ,0,Acuña 1985;GeoNames_MX, ,https://en.wikipedia.org/wiki/16th_century,-97.871944,20.025278
375,421,San Marcos de Tecamachalco,San Marcos;San Marcos de Tepeaca,San Marcos el Viejo,2, ,Sujeto,528,Depends on,421,Estancia,608,Acuña 1985;GeoNames_MX, ,https://en.wikipedia.org/wiki/16th_century,-97.748056,18.986111
421,422,San Marcos de Xicochimalco, ,San Marcos de León,2, ,Estancia,710,Depends on,422, ,0,Acuña 1985;GeoNames_MX, ,https://en.wikipedia.org/wiki/16th_century,-96.968611,19.42138
397,424,San Bernardino de Tepeaca,San Bernardino,San Bernardino,2, ,Estancia,608,Depends on,424, ,0,Acuña 1985;GeoNames_MX, ,https://en.wikipedia.org/wiki/16th_century,-97.927778,19.099167
340,425,San Bernardino de Tecali,San Bernaldino,San Bernardino Tepenene,2, ,Sujeto,523,Depends on,425, ,0,Acuña 1985;GeoNames_MX, ,https://en.wikipedia.org/wiki/16th_century,-98.093889,18.880278
315,426,San Martin de Huehuetlan, ,San Martin Atempan,2, ,Sujeto,188,Depends on,426, ,0,Acuña 1985;GeoNames_MX, ,https://en.wikipedia.org/wiki/16th_century,-98.162904,18.691155
299,431,Sierras de San Martin, ,Volcan San Martin,1, ,Mountain Range,90,Near,431, ,0,Acuña 1985;GeoNames_MX,https://www2.usgs.gov/science/records-matching.php?thcode=3&code=708,https://en.wikipedia.org/wiki/16th_century,-95.20079,18.55772
345,432,San Buenaventura de Tepeaca,San Buenaventura,San Buenaventura Tetlananca,2, ,Estancia,608,Depends on,432, ,0,Acuña 1985;GeoNames_MX, ,https://en.wikipedia.org/wiki/16th_century,-97.926944,18.9025
346,433,San Buenaventura de Quecholac,San Buenaventura de Tecali;San Buenaventura,San Buenaventura Tetlananca,2, ,Sujeto,363,Depends on,433, ,523,Acuña 1985;GeoNames_MX, ,https://en.wikipedia.org/wiki/16th_century,-97.926944,18.9025
464,435,San Cristóbal de Zacatlan, ,San Cristóbal Xochimilpa,2, ,Sujeto,759,Depends on,435, ,0,Acuña 1985;GeoNames_MX, ,https://en.wikipedia.org/wiki/16th_century,-97.9075,20.066389
377,437,San Cristóbal de Tepeaca,San Cristóbal,San Cristobal los Nava,2, ,Estancia,608,Depends on,437, ,0,Acuña 1985;GeoNames_MX, ,https://en.wikipedia.org/wiki/16th_century,-97.831944,18.995278
461,438,San Mateo de Zacatlan, ,Tlacotepec (San Mateo),2, ,Sujeto,759,Depends on,438, ,0,Acuña 1985;GeoNames_MX, ,https://en.wikipedia.org/wiki/16th_century,-97.849167,20.060278
376,439,San Mateo de Tepeaca,San Mateo;San Mateo y Santa Ana de Tepeaca,San Mateo Parra,2, ,Estancia,608,Depends on,439, ,0,Acuña 1985;GeoNames_MX, ,https://en.wikipedia.org/wiki/16th_century,-97.861667,18.991389
350,441,San Mateo de Quecholac,San Mateo;San Mateo de Tecamachalco,San Mateo Tlaixpan,2, ,Sujeto,363,Depends on,441, ,528,Acuña 1985;GeoNames_MX, ,https://en.wikipedia.org/wiki/16th_century,-97.735278,18.915
386,445,San Felipe de Tepeaca,San Felipe,San Felipe Tenextepec,2, ,Estancia,608,Depends on,445, ,0,Acuña 1985;GeoNames_MX, ,https://en.wikipedia.org/wiki/16th_century,-97.873889,19.033056
245,447,San Francisco, ,Convento de San Gabriel Arcángel,1, ,Monastery,0, ,447, ,0,Acuña 1985;Google Maps,https://www2.usgs.gov/science/records-matching.php?thcode=3&code=931,https://en.wikipedia.org/wiki/16th_century,-98.30414354,19.06222225
456,448,San Francisco, ,San Francisco Ixquihuacan,2, ,Sujeto,759,Depends on,448, ,0,Acuña 1985;GeoNames_MX, ,https://en.wikipedia.org/wiki/16th_century,-97.889167,19.998889
383,449,San Francisco de Tepeaca,San Francisco,San Francisco Buenavista,2, ,Estancia,608,Depends on,449, ,0,Acuña 1985;GeoNames_MX, ,https://en.wikipedia.org/wiki/16th_century,-97.835556,19.026389
368,450,San Francisco de Tecamachalco,San Francisco;San Francisco de Quecholac,San Francisco Gutierrez,2, ,Sujeto,528,Depends on,450,Estancia,363,Acuña 1985;GeoNames_MX, ,https://en.wikipedia.org/wiki/16th_century,-97.730557,18.959722
348,452,San Francisco de Tecali,San Francisco,San Francisco Mixtla,2, ,Sujeto,523,Depends on,452, ,0,Acuña 1985;GeoNames_MX, ,https://en.wikipedia.org/wiki/16th_century,-97.895833,18.904167
349,455,San Mauricio de Tepeaca,San Mauricio,San Mauricio,1, ,Estancia,608,Depends on,455, ,0,Acuña 1985;GeoNames_MX, ,https://en.wikipedia.org/wiki/16th_century,-97.798889,18.913889
448,456,San Miguel de Zacatlan, ,San Miguel Tenango,2, ,Sujeto,759,Depends on,456, ,0,Acuña 1985;GeoNames_MX, ,https://en.wikipedia.org/wiki/16th_century,-97.941389,19.906389
330,457,San Miguel de Huehuetlan, ,San Miguel Atlapulco,2, ,Sujeto,188,Depends on,457, ,0,Acuña 1985;GeoNames_MX, ,https://en.wikipedia.org/wiki/16th_century,-98.191757,18.792357
407,462,San Miguel de Xicochimalco, ,San Miguel Tlapexcatl,2, ,Estancia,710,Depends on,462, ,0,Acuña 1985;GeoNames_MX, ,https://en.wikipedia.org/wiki/16th_century,-96.991667,19.300444
329,464,San Nicolas de Huehuetlan, ,San Nicolas Huajuapan,2, ,Sujeto,188,Depends on,464, ,0,Acuña 1985;GeoNames_MX, ,https://en.wikipedia.org/wiki/16th_century,-98.119041,18.779413
354,465,San Nicolas de Tepeaca,San Nicolas,San Nicolas Zoyapetlayoca,2, ,Estancia,608,Depends on,465, ,0,Acuña 1985;GeoNames_MX, ,https://en.wikipedia.org/wiki/16th_century,-97.865278,18.924167
242,466,Ermita de San Nicolás,San Nicolás,Iglesia de San Nicolás,1, ,Shrine,0, ,466, ,0,Acuña 1985;Google Maps,https://www2.usgs.gov/science/records-matching.php?thcode=3&code=700,https://en.wikipedia.org/wiki/16th_century,-98.05454284,18.67997388
325,468,San Gabriel de Tecamachalco,San Gabriel;San Gabriel de Tepeaca,San Gabriel Tetzoyocan,2, ,Sujeto,528,Depends on,468,Estancia,608,Acuña 1985;GeoNames_MX, ,https://en.wikipedia.org/wiki/16th_century,-97.702222,18.760556
307,471,San Pablo, ,San Pablo  Soyatitlanapan,1, ,Corregimiento,188,Near,471, ,472,Acuña 1985;GeoNames_MX, ,https://en.wikipedia.org/wiki/16th_century,-98.14933,18.65517
95,472,Quauhtlatlauca,Quautlatlauca;Quauhtlatlaucan,Huatlatlauca,1, ,Cabecera,0, ,472, ,0,Acuña 1985;Google Maps;Tanck de Estrada 2005: Atlas 1800, ,https://en.wikipedia.org/wiki/16th_century,-98.05510503,18.67935482
378,473,San Pablo de Tecamachalco,San Pablo,San Pablo de las Tunas,2, ,Sujeto,528,Depends on,473, ,0,Acuña 1985;GeoNames_MX, ,https://en.wikipedia.org/wiki/16th_century,-97.709722,18.995556
344,474,San Gregorio de Tepeaca,San Gregorio,San Gregorio Tlacomulco,2, ,Estancia,608,Depends on,474, ,0,Acuña 1985;GeoNames_MX, ,https://en.wikipedia.org/wiki/16th_century,-97.713056,18.895556
362,475,San Hipólito de Tepeaca,San Hipólito,San Hipólito Xochiltenango,2, ,Estancia,608,Depends on,475, ,0,Acuña 1985;GeoNames_MX, ,https://en.wikipedia.org/wiki/16th_century,-97.874167,18.940556
379,479,San Jerónimo de Quecholac,San Jerónimo;San Jerónimo de Tecamachalco,San Jerónimo Tamariz,2, ,Sujeto,363,Depends on,479, ,528,Acuña 1985;GeoNames_MX, ,https://en.wikipedia.org/wiki/16th_century,-97.750278,18.996667
387,480,San Jerónimo de Tecali,San Jerónimo;San Jerónimo de Tepeaca,San Jerónimo Ocotitlan,2, ,Sujeto,523,Depends on,480,Estancia,608,Acuña 1985;GeoNames_MX, ,https://en.wikipedia.org/wiki/16th_century,-97.960278,19.033333
384,481,San Pedro de Tepeaca,San Pedro,San Pedro Ovando,2, ,Estancia,608,Depends on,481, ,0,Acuña 1985;GeoNames_MX, ,https://en.wikipedia.org/wiki/16th_century,-97.801389,19.028889
374,483,San Pedro de Quecholac,San Pedro;San Pedro de Tecamachalco,San Pedro Candelaria,2, ,Sujeto,363,Depends on,483, ,528,Acuña 1985;GeoNames_MX, ,https://en.wikipedia.org/wiki/16th_century,-97.638333,18.984167
363,484,San Pedro de Tecali,San Pedro,San Pedro Zacachimalpa,2, ,Sujeto,523,Depends on,484, ,0,Acuña 1985;GeoNames_MX, ,https://en.wikipedia.org/wiki/16th_century,-98.156111,18.942778
357,486,San Joaquin de Tepeaca,San Joaquin,San Joaquin,2, ,Estancia,608,Depends on,486, ,0,Acuña 1985;GeoNames_MX, ,https://en.wikipedia.org/wiki/16th_century,-97.9475,18.93
465,487,San Pedro y San Pablo, ,Rio Tecolutla,1, ,River,325,Near,487, ,0,Acuña 1985;GeoNames_MX,https://www2.usgs.gov/science/records-matching.php?thcode=3&code=960,https://en.wikipedia.org/wiki/16th_century,-97.247908,20.363317
241,488,Ermita de San Joseph, ,Templo de San Jose,2, ,Shrine,0, ,488, ,0,Acuña 1985;Google Maps,https://www2.usgs.gov/science/records-matching.php?thcode=3&code=700,https://en.wikipedia.org/wiki/16th_century,-99.19916319,17.61916707
431,489,San Joseph, ,San Jose,2, ,Sujeto,28,Depends on,489, ,0,Acuña 1985;GeoNames_MX, ,https://en.wikipedia.org/wiki/16th_century,-97.011389,19.64
359,490,San Rafael de Tepeaca,San Rafael,Besana San Rafael,2, ,Estancia,608,Depends on,490, ,0,Acuña 1985;GeoNames_MX, ,https://en.wikipedia.org/wiki/16th_century,-97.855833,18.935556
319,492,San Juan de Huehuetlan, ,San Juan Coatetelco,2, ,Sujeto,188,Depends on,492, ,0,Acuña 1985;GeoNames_MX, ,https://en.wikipedia.org/wiki/16th_century,-98.07611111,18.71611111
385,498,San Sebastian, ,San Sebastian Teteles,2, ,Estancia,608,Depends on,498, ,0,Acuña 1985;GeoNames_MX, ,https://en.wikipedia.org/wiki/16th_century,-97.789167,19.028889
391,499,San Sebastian de Quecholac,San Sebastian,San Sebastian Villanueva,2, ,Sujeto,363,Depends on,499, ,0,Acuña 1985;GeoNames_MX, ,https://en.wikipedia.org/wiki/16th_century,-97.715833,19.060278
233,500,Sierra Nevada,Sierra Iztactepetl;Iztactepetl,Iztaccihuatl,1, ,Mountain Range,0, ,500, ,0,Acuña 1985;Toponimos50k,https://www2.usgs.gov/science/records-matching.php?thcode=3&code=708,https://en.wikipedia.org/wiki/16th_century,-98.64196194,19.17833389
372,502,San Simón de Tepeaca,San Simón,San Simón de Bravo,2, ,Estancia,608,Depends on,502, ,0,Acuña 1985;GeoNames_MX, ,https://en.wikipedia.org/wiki/16th_century,-97.713056,18.967778
327,503,San Simón de Tecamachalco,San Simón,San Simón,2, ,Sujeto,528,Depends on,503, ,0,Acuña 1985;GeoNames_MX, ,https://en.wikipedia.org/wiki/16th_century,-97.686111,18.775
132,505,Suchitepec, ,Suchitepec,1, , ,0, ,505, ,0,Acuña 1985;Tanck de Estrada 2005: Atlas 1800,https://www2.usgs.gov/science/records-matching.php?thcode=3&code=850,https://en.wikipedia.org/wiki/16th_century,-97.65944444,17.97166667
304,506,San Vicente de Huehuetlan, ,San Vicente,2, ,Sujeto,188,Depends on,506, ,0,Acuña 1985;GeoNames_MX, ,https://en.wikipedia.org/wiki/16th_century,-98.179966,18.620841
231,508,Surgidero del Palo, , ,2, ,Water source,0, ,508, ,0,Acuña 1985;Allocated by research,https://www2.usgs.gov/science/records-matching.php?thcode=3&code=48,https://en.wikipedia.org/wiki/16th_century,-95.98507623,19.07921855
321,509,Santa Ana de Huehuetlan, ,Santa Ana Otzolotepec,2, ,Sujeto,188,Depends on,509, ,0,Acuña 1985;GeoNames_MX, ,https://en.wikipedia.org/wiki/16th_century,-98.105054,18.742165
360,512,Santa Ana de Tecamachalco,Santa Ana;Santa Ana de Tepeaca,Santa Ana,2, ,Sujeto,528,Depends on,512,Estancia,608,Acuña 1985;GeoNames_MX, ,https://en.wikipedia.org/wiki/16th_century,-97.9175,18.938889
127,513,Tapayula, ,Tapayula,1, ,Sujeto,281,Depends on,513, ,0,Acuña 1985;Tanck de Estrada 2005: Atlas 1800, ,https://en.wikipedia.org/wiki/16th_century,-97.74472222,20.01694444
381,517,Santa Catalina de Quecholac,Santa Catalina;Santa Catalina de Tepeaca,Santa Catarina Villanueva,2, ,Sujeto,363,Depends on,517, ,608,Acuña 1985;GeoNames_MX, ,https://en.wikipedia.org/wiki/16th_century,-97.614722,18.999167
332,520,Santa Clara de Quecholac,Santa Clara,Santa Clara,2, ,Sujeto,363,Depends on,520, ,0,Acuña 1985;GeoNames_MX, ,https://en.wikipedia.org/wiki/16th_century,-97.78,18.821111
73,522,Minas de Taxco, ,Taxco,1, ,Mining Camp,0, ,522, ,0,Acuña 1985;Google Maps;Google Earth;unikloc10gw,https://www2.usgs.gov/science/records-matching.php?thcode=3&code=685,https://en.wikipedia.org/wiki/16th_century,-99.600478,18.559217
129,523,Santiago Tecali,Tecalco,Tecali,1, , ,0, ,523, ,0,Acuña 1985;Tanck de Estrada 2005: Atlas 1800,https://www2.usgs.gov/science/records-matching.php?thcode=3&code=850,https://en.wikipedia.org/wiki/16th_century,-97.96916667,18.89861111
364,525,Santa Cruz de Tepeaca,Santa Cruz,Santa Cruz Ajajalpan,2, ,Estancia,608,Depends on,525, ,0,Acuña 1985;GeoNames_MX, ,https://en.wikipedia.org/wiki/16th_century,-97.950278,18.949722
341,527,Santa Cruz de Quecholac,Santa Cruz;Santa Cruz de Tecamachalco,Santa Cruz Ocotlan,2, ,Sujeto,363,Depends on,527, ,528,Acuña 1985;GeoNames_MX, ,https://en.wikipedia.org/wiki/16th_century,-97.582778,18.882778
50,528,Tecamachalco, ,Tecamachalco,1, , ,0, ,528, ,0,Acuña 1985;Tanck de Estrada 2005: Atlas 1800,https://www2.usgs.gov/science/records-matching.php?thcode=3&code=850,https://en.wikipedia.org/wiki/16th_century,-97.73166667,18.88111111
347,529,Santa Ines de Tepeaca,Santa Ines,Santa Ines Cuautla,2, ,Estancia,608,Depends on,529, ,0,Acuña 1985;GeoNames_MX, ,https://en.wikipedia.org/wiki/16th_century,-97.851111,18.903333
190,530,Santa Isabel de Tepeaca,Santa Isabel,Santa Isabel (Tlanepantla),1, ,Sujeto,608,Depends on,530, ,0,Acuña 1985;Tanck de Estrada 2005: Atlas 1800, ,https://en.wikipedia.org/wiki/16th_century,-97.89,18.85138889
326,531,Santa Isabel de Quecholac,Santa Isabel;Santa Isabel de Tecali,Santa Isabel Sabinal,2, ,Sujeto,363,Depends on,531, ,523,Acuña 1985;GeoNames_MX, ,https://en.wikipedia.org/wiki/16th_century,-97.475,18.769167
166,533,Teccistepec,Tecciztepec,Tequixtepec,1, , ,0, ,533, ,0,Acuña 1985;Tanck de Estrada 2005: Atlas 1800,https://www2.usgs.gov/science/records-matching.php?thcode=3&code=850,https://en.wikipedia.org/wiki/16th_century,-97.71888889,18.06027778
309,538,Santa Maria de Quauhtlatlauca, ,Santa Maria Coacuacan,2, ,Sujeto,472,Depends on,538, ,0,Acuña 1985;Tanck de Estrada 2005: Atlas 1800, ,https://en.wikipedia.org/wiki/16th_century,-98.10315507,18.66363926
91,544,Tecomatlan, ,Tecomatlan,1, ,Estancia,332,Depends on,544, ,0,Acuña 1985;Tanck de Estrada 2005: Atlas 1800, ,https://en.wikipedia.org/wiki/16th_century,-98.31472222,18.10916667
276,546,Tecintla, ,Tenezintla,2, ,Estancia,260,Depends on,546, ,0,Acuña 1985;GeoNames_MX, ,https://en.wikipedia.org/wiki/16th_century,-99.123056,17.52222
301,548,Tecolapa, ,Rio Tecolapan,1, ,River,90,Near,548, ,0,Acuña 1985;GeoNames_MX,https://www2.usgs.gov/science/records-matching.php?thcode=3&code=960,https://en.wikipedia.org/wiki/16th_century,-95.400098,18.587811
1,549,Tecolutla, ,Tecolutla,1, ,Harbor,0, ,549, ,0,Acuña 1985;Atlas 2010,https://www2.usgs.gov/science/records-matching.php?thcode=3&code=485,https://en.wikipedia.org/wiki/16th_century,-97.008333,20.477222
230,550,Tecomahuacan, ,Tecomavaca,1, , ,0, ,550, ,0,Acuña 1985;Tanck de Estrada 2005: Atlas 1800,https://www2.usgs.gov/science/records-matching.php?thcode=3&code=850,https://en.wikipedia.org/wiki/16th_century,-97.02361111,17.95555556
157,552,Tecpatlan, ,Tepatlan,1, , ,0, ,552, ,0,Acuña 1985;Tanck de Estrada 2005: Atlas 1800,https://www2.usgs.gov/science/records-matching.php?thcode=3&code=850,https://en.wikipedia.org/wiki/16th_century,-97.79583333,20.0925
322,554,Fuente de Tecutliapa, ,Balneario La Candelaria,2, ,Source,188,Within,554, ,0,Acuña 1985;GeoNames_MX,https://www2.usgs.gov/science/records-matching.php?thcode=3&code=48,https://en.wikipedia.org/wiki/16th_century,-98.173942,18.751195
140,555,Tehuacan, ,Tehuacan,1, , ,0, ,555, ,0,Acuña 1985;Tanck de Estrada 2005: Atlas 1800,https://www2.usgs.gov/science/records-matching.php?thcode=3&code=850,https://en.wikipedia.org/wiki/16th_century,-97.39194444,18.46111111
324,556,Santa Maria Magdalena de Huehuetlan, ,La Magdalena Tlatlauquitepec,2, ,Sujeto,188,Depends on,556, ,0,Acuña 1985;GeoNames_MX, ,https://en.wikipedia.org/wiki/16th_century,-98.10055556,18.75861111
96,558,Tehuitzingo, ,Tehuitzingo,1, ,Estancia,6,Depends on,558, ,0,Acuña 1985;Tanck de Estrada 2005: Atlas 1800, ,https://en.wikipedia.org/wiki/16th_century,-98.27555556,18.33027778
400,559,Santa Margarita de Tepeaca,Santa Margarita,Santa Margarita,2, ,Estancia,608,Depends on,559, ,0,Acuña 1985;GeoNames_MX, ,https://en.wikipedia.org/wiki/16th_century,-97.629444,19.182222
328,561,Santa Marta de Huehuetlan, ,Santa Martha Yancuitlalpan,2, ,Sujeto,188,Depends on,561, ,0,Acuña 1985;GeoNames_MX, ,https://en.wikipedia.org/wiki/16th_century,-98.092126,18.776154
22,562,Minas de Temazcaltepec, ,Real de Arriba,1, ,Mining Camp,0, ,562, ,0,Acuña 1985;Google Maps;GeoNames_MX,https://www2.usgs.gov/science/records-matching.php?thcode=3&code=685,https://en.wikipedia.org/wiki/16th_century,-100.0044688,19.04004243
187,563,Santa Úrsula de Tepeaca,Santa Ursula;Santa Úrsula,Santa Ursula (Chiconquiac),1, ,Sujeto,608,Depends on,563, ,0,Acuña 1985;Tanck de Estrada 2005: Atlas 1800, ,https://en.wikipedia.org/wiki/16th_century,-97.675,19.01333333
310,564,Tenanco,Tenango,San Sebastian Tenango,1, ,Estancia,763,Depends on,564, ,0,Acuña 1985;Atlas 2010, ,https://en.wikipedia.org/wiki/16th_century,-98.174167,18.660278
460,566,Santiago de Zacatlan, ,Santiago Tlaxco,2, ,Sujeto,759,Depends on,566, ,0,Acuña 1985;GeoNames_MX, ,https://en.wikipedia.org/wiki/16th_century,-97.96,20.059444
337,570,Santiago de Tecamachalco,Santiago,Santiago Alseseca,2, ,Sujeto,528,Depends on,570, ,0,Acuña 1985;GeoNames_MX, ,https://en.wikipedia.org/wiki/16th_century,-97.701667,18.846111
382,571,Santiago de Quecholac,Santiago,Santiago Tenango,2, ,Sujeto,363,Depends on,571, ,0,Acuña 1985;GeoNames_MX, ,https://en.wikipedia.org/wiki/16th_century,-97.643333,19.003611
80,573,Tenanpulco, ,Tenampulco,1, , ,0, ,573, ,0,Acuña 1985;Tanck de Estrada 2005: Atlas 1800,https://www2.usgs.gov/science/records-matching.php?thcode=3&code=850,https://en.wikipedia.org/wiki/16th_century,-97.40694444,20.17027778
466,574,Sierra Tenextepec,Tenextepec,Huayloma,1, ,Mountain Range,85,Near,574, ,0,Acuña 1985;GeoNames_MX,https://www2.usgs.gov/science/records-matching.php?thcode=3&code=708,https://en.wikipedia.org/wiki/16th_century,-97.73412,19.80215
56,575,Tenochtitlan,Ciudad de México;México,Museo del Templo Mayor,1, , ,0, ,575, ,0,Acuña 1985;Google Maps;Tanck de Estrada 2005: Atlas 1800,https://www2.usgs.gov/science/records-matching.php?thcode=3&code=850,https://en.wikipedia.org/wiki/16th_century,-99.1313711,19.43492025
67,576,Teopantlan, ,Teopantlan,1, , ,0, ,576, ,0,Acuña 1985;Tanck de Estrada 2005: Atlas 1800,https://www2.usgs.gov/science/records-matching.php?thcode=3&code=850,https://en.wikipedia.org/wiki/16th_century,-98.26111111,18.71388889
43,579,Teotenango, ,Teotenango,1, , ,0, ,579, ,0,Acuña 1985;Google Maps;Tanck de Estrada 2005: Atlas 1800,https://www2.usgs.gov/science/records-matching.php?thcode=3&code=850,https://en.wikipedia.org/wiki/16th_century,-99.59170416,19.1028426
353,580,Santo Antonio de Tecamachalco,Santo Antonio,San Antonio,2, ,Sujeto,528,Depends on,580, ,0,Acuña 1985;GeoNames_MX, ,https://en.wikipedia.org/wiki/16th_century,-97.669167,18.922778
318,587,Santo Tomas de Quauhtlatlauca, ,Santo Tomas Atlixilihuian,2, ,Sujeto,472,Depends on,587, ,0,Acuña 1985;GeoNames_MX, ,https://en.wikipedia.org/wiki/16th_century,-97.995833,18.713056
342,589,Santo Tomas de Tecamachalco,Santo Tomas;Santo Tomas de Tepeaca,Santo Tomas Hueyotlipan,2, ,Sujeto,528,Depends on,589,Estancia,608,Acuña 1985;GeoNames_MX, ,https://en.wikipedia.org/wiki/16th_century,-97.866389,18.891944
267,592,Tepetitlanapa, ,Tlacotitlanapa,2, ,Estancia,244,Depends on,592, ,0,Acuña 1985;GeoNames_MX, ,https://en.wikipedia.org/wiki/16th_century,-99.348056,17.422222
295,593,Lagunas de la Sierra,Laguna de la Sierra,Lago de Catemaco,1, ,Lake,667,Near,593, ,0,Acuña 1985;GeoNames_MX,https://www2.usgs.gov/science/records-matching.php?thcode=3&code=596,https://en.wikipedia.org/wiki/16th_century,-95.071456,18.404764
18,594,Tepetlan,Tepecelan;San Antonio Tepetlan,Tepetlan,1, ,Cabecera,28,Depends on,594, ,0,Acuña 1985;Tanck de Estrada 2005: Atlas 1800, ,https://en.wikipedia.org/wiki/16th_century,-96.79611111,19.67333333
446,597,San Sierra de la Estrella,Citlaltepec,Citlaltepetl,1, ,Mountain Range,619,Near,597, ,0,Acuña 1985;GeoNames_MX,https://www2.usgs.gov/science/records-matching.php?thcode=3&code=708,https://en.wikipedia.org/wiki/16th_century,-97.78293,19.8849
228,598,Tepetzaqualco, , ,2, , ,0, ,598, ,0,Acuña 1985;Allocated by research,https://www2.usgs.gov/science/records-matching.php?thcode=3&code=850,https://en.wikipedia.org/wiki/16th_century,-96.437007,18.11297
114,599,Tepexi,Tepexic;Tepexic de la Seda,Tepexi de Rodríguez,1, , ,0, ,599, ,0,Acuña 1985;Atlas 2010,https://www2.usgs.gov/science/records-matching.php?thcode=3&code=850,https://en.wikipedia.org/wiki/16th_century,-97.926111,18.580833
82,603,Tlacululan,Tlaculula;Huey Calli,Tlacolulan (El Viejo),1, ,Cabecera,28,Depends on,603, ,0,Acuña 1985;Tanck de Estrada 2005: Atlas 1800, ,https://en.wikipedia.org/wiki/16th_century,-97.02722222,19.65722222
415,604,Laguna de Tlachac, ,Laguna de San Luis Atexcac,2, ,Lake,608,Near,604, ,0,Acuña 1985;GeoNames_MX,https://www2.usgs.gov/science/records-matching.php?thcode=3&code=596,https://en.wikipedia.org/wiki/16th_century,-97.45062,19.33416
272,605,San Lucas Tepexocotlan, ,Tepechicotlan,1, ,Estancia,244,Depends on,605, ,0,Acuña 1985;, ,https://en.wikipedia.org/wiki/16th_century,-99.414722,17.483611
277,606,Tlachinolan,Tlapan-Tlachinollan,Tlapa de Comonfort,1, ,Pueblo,260,Near,606, ,0,Acuña 1985;Gutierrez Mendoza 2010,https://www2.usgs.gov/science/records-matching.php?thcode=3&code=850,https://en.wikipedia.org/wiki/16th_century,-98.578611,17.543333
282,607,Tlaisquac, ,Tlaixcuac,1, ,Estancia,260,Depends on,607, ,0,Acuña 1985;GeoNames_MX, ,https://en.wikipedia.org/wiki/16th_century,-99.283333,17.793333
105,608,Tepeyacac,Tepeaca;Segura de la Frontera,Tepeaca,1, ,Cabecera,0, ,608, ,0,Acuña 1985;INEGI: MEX_topoloc, ,https://en.wikipedia.org/wiki/16th_century,-97.90341921,18.96581899
88,610,Tlalcozaotitlan, ,Tlalcozotitlán,1, , ,0, ,610, ,0,Acuña 1985;Atlas 2010,https://www2.usgs.gov/science/records-matching.php?thcode=3&code=850,https://en.wikipedia.org/wiki/16th_century,-99.129722,17.885833
54,611,Tlaliscoya, ,Tlalixcoyan,1, , ,0, ,611, ,0,Acuña 1985;Tanck de Estrada 2005: Atlas 1800,https://www2.usgs.gov/science/records-matching.php?thcode=3&code=850,https://en.wikipedia.org/wiki/16th_century,-96.06027778,18.80138889
273,613,Tlalixtlahuacan, ,Tlalixtlahuacan,1, ,Estancia,260,Depends on,613, ,0,Acuña 1985;GeoNames_MX, ,https://en.wikipedia.org/wiki/16th_century,-99.11944,17.48556
414,614,Santo Tomas Tequanapan,Tequanapan;Santo Tomas,Tecuanapa,1, ,Estancia,224,Depends on,614, ,0,Acuña 1985;GeoNames_MX, ,https://en.wikipedia.org/wiki/16th_century,-97.12068,19.32747
194,615,Tlalocan, , ,2, ,Hill,0, ,615, ,0,Acuña 1985;Allocated by research,https://www2.usgs.gov/science/records-matching.php?thcode=3&code=710,https://en.wikipedia.org/wiki/16th_century,-98.16851894,18.7465955
180,616,Tequantitlan,Tequahutitlan,Tecuautitlan,1, ,Estancia,332,Depends on,616, ,0,Acuña 1985;Tanck de Estrada 2005: Atlas 1800, ,https://en.wikipedia.org/wiki/16th_century,-98.31166667,18.15361111
463,617,Tlaloctepetl, , ,2, ,Hill,696,Near,617, ,0,Acuña 1985;GeoNames_MX,https://www2.usgs.gov/science/records-matching.php?thcode=3&code=710,https://en.wikipedia.org/wiki/16th_century,-97.5962,20.06511
200,618,Tlalotepec, , ,2, ,Mountain Range,0, ,618, ,0,Acuña 1985;Allocated by research,https://www2.usgs.gov/science/records-matching.php?thcode=3&code=708,https://en.wikipedia.org/wiki/16th_century,-97.70501618,20.01382424
83,619,Tetela, ,Tetela De Ocampo,1, ,Cabecera,725,Depends on,619, ,0,Acuña 1985;INEGI: MEX_topoloc, ,https://en.wikipedia.org/wiki/16th_century,-97.80648438,19.81705053
417,620,San Francisco Tlalquaquixco,Tlalcuicuilco;Tlalquaquixco;San Francisco;San Francisco de Xicochimalco,San Francisco,2, ,Estancia,224,Depends on,620, ,710,Acuña 1985;GeoNames_MX, ,https://en.wikipedia.org/wiki/16th_century,-97.147778,19.390278
266,622,Tlapacholapa, ,Tlapacholapa,1, ,Estancia,244,Depends on,622, ,0,Acuña 1985;GeoNames_MX, ,https://en.wikipedia.org/wiki/16th_century,-99.319722,17.415
403,623,Tetetlan, ,Tetetla,2,Glosa de la pintura de Veracruz,Pueblo,0, ,623, ,0,Acuña 1985;GeoNames_MX,https://www2.usgs.gov/science/records-matching.php?thcode=3&code=850,https://en.wikipedia.org/wiki/16th_century,-96.93921,19.214
193,627,Tetlilucan, , ,2, ,Hill,0, ,627, ,0,Acuña 1985;Allocated by research,https://www2.usgs.gov/science/records-matching.php?thcode=3&code=710,https://en.wikipedia.org/wiki/16th_century,-98.1665773,18.74385436
300,628,Tlapazola,Tapazula, ,2,Dissapeared,Estancia,667,Depends on,628, ,0,Acuña 1985;Garcia de Leon 2011, ,https://en.wikipedia.org/wiki/16th_century,-95.69737,18.58272
235,631,Sierra Tlaquetzaltepec,Tlaquetzaltepec, ,2, ,Mountain Range,0, ,631, ,0,Acuña 1985;Allocated by research,https://www2.usgs.gov/science/records-matching.php?thcode=3&code=708,https://en.wikipedia.org/wiki/16th_century,-97.58958309,20.02889112
47,632,Teuixhuacan, ,Texhuacan,1, , ,0, ,632, ,0,Acuña 1985;Tanck de Estrada 2005: Atlas 1800,https://www2.usgs.gov/science/records-matching.php?thcode=3&code=850,https://en.wikipedia.org/wiki/16th_century,-97.04055556,18.62138889
9,635,Tlatatilan, ,Tatatila,1, ,Sujeto,603,Depends on,635, ,0,Acuña 1985;Tanck de Estrada 2005: Atlas 1800, ,https://en.wikipedia.org/wiki/16th_century,-97.11138889,19.69361111
122,637,Teunancintla,Teunancintlan,Nanzintla,1, ,Estancia,260,Depends on,637, ,0,Acuña 1985;Tanck de Estrada 2005: Atlas 1800, ,https://en.wikipedia.org/wiki/16th_century,-99.09805556,17.33416667
38,638,Teutitlan, ,Teotitlan Del Camino,1, , ,0, ,638, ,0,Acuña 1985;Tanck de Estrada 2005: Atlas 1800,https://www2.usgs.gov/science/records-matching.php?thcode=3&code=850,https://en.wikipedia.org/wiki/16th_century,-97.07222222,18.1325
224,639,Tlatlatilco, , ,1, , ,0, ,639, ,0,Acuña 1985;ProspeccionesVeracruz,https://www2.usgs.gov/science/records-matching.php?thcode=3&code=850,https://en.wikipedia.org/wiki/16th_century,-96.84468117,19.06809416
138,640,Tlatlauhquitepec,Tlatlacotepeque,Tlatlauquitepec,1, , ,0, ,640, ,0,Acuña 1985;Tanck de Estrada 2005: Atlas 1800,https://www2.usgs.gov/science/records-matching.php?thcode=3&code=850,https://en.wikipedia.org/wiki/16th_century,-97.495,19.85083333
221,642,Tlatletlan,Tlatetlan,Tatetla,1,Glosa de la pintura de Veracruz,Pueblo,0, ,642, ,0,Acuña 1985;Gerhard 1972;Google Maps;Google Earth,https://www2.usgs.gov/science/records-matching.php?thcode=3&code=850,https://en.wikipedia.org/wiki/16th_century,-96.712658,19.273775
110,643,Texalocan,Texalucan,San Lucas Tejaluca,1, , ,0, ,643, ,0,Acuña 1985;Atlas 2010,https://www2.usgs.gov/science/records-matching.php?thcode=3&code=850,https://en.wikipedia.org/wiki/16th_century,-98.246944,18.637222
70,644,Tlaxcala, ,Tlaxcala,1, , ,0, ,644, ,0,Acuña 1985;Google Maps;Tanck de Estrada 2005: Atlas 1800,https://www2.usgs.gov/science/records-matching.php?thcode=3&code=850,https://en.wikipedia.org/wiki/16th_century,-98.23772243,19.31748594
232,647,Sierras de Tlaxcala,Matlalcueitl, ,1, ,Mountain Range,0, ,647, ,0,Acuña 1985;Allocated by research,https://www2.usgs.gov/science/records-matching.php?thcode=3&code=708,https://en.wikipedia.org/wiki/16th_century,-98.03254026,19.23178111
280,648,Texaltzingo, ,Texalcingo,1, ,Estancia,655,Depends on,648, ,0,Acuña 1985;GeoNames_MX, ,https://en.wikipedia.org/wiki/16th_century,-99.381944,17.616667
442,649,Texuc, , ,2,Dissapeared. Glosa de la pintura de Veracruz,Pueblo,0, ,649, ,0,Acuña 1985;GeoNames_MX,https://www2.usgs.gov/science/records-matching.php?thcode=3&code=850,https://en.wikipedia.org/wiki/16th_century,-96.65363,19.81449
16,651,Tezcuco, ,Texcoco De Mora,1, , ,0, ,651, ,0,Acuña 1985;Tanck de Estrada 2005: Atlas 1800,https://www2.usgs.gov/science/records-matching.php?thcode=3&code=850,https://en.wikipedia.org/wiki/16th_century,-98.88194444,19.50555556
392,652,San Miguel Tianquiznahuac, ,San Miguel Tianguisnahuac,1, ,Barrio,195,Depends on,652, ,0,Acuña 1985;GeoNames_MX, ,https://en.wikipedia.org/wiki/16th_century,-98.303822,19.061036
288,653,Santiago Tilapan, ,San Jose Tilapa,1, ,Estancia,774,Depends on,653, ,0,Acuña 1985;GeoNames_MX, ,https://en.wikipedia.org/wiki/16th_century,-97.10137,18.16361
90,655,Tistla, ,Tixtla,1, ,Cabecera,0, ,655, ,0,Acuña 1985;Tanck de Estrada 2005: Atlas 1800, ,https://en.wikipedia.org/wiki/16th_century,-99.39861111,17.56555556
435,656,Tizapantzingo,Tizapantzinco, ,2,Dissapeared. Glosa de la pintura de Veracruz,Pueblo,0, ,656, ,0,Acuña 1985;Garcia 2005,https://www2.usgs.gov/science/records-matching.php?thcode=3&code=850,https://en.wikipedia.org/wiki/16th_century,-96.875193,19.687606
207,657,Tlaytleque, , ,2, ,Barrio,608,Depends on,657, ,0,Acuña 1985;Allocated by research, ,https://en.wikipedia.org/wiki/16th_century,-97.90967565,18.95862428
438,660,Tlemaiconoc, , ,1, ,Mountain Range,85,Near,660, ,0,Acuña 1985;GeoNames_MX,https://www2.usgs.gov/science/records-matching.php?thcode=3&code=708,https://en.wikipedia.org/wiki/16th_century,-97.76603,19.78183
305,661,Tlacintla, , ,2,Dissapeared,Estancia,667,Depends on,661, ,0,Acuña 1985;Garcia de Leon. 2011, ,https://en.wikipedia.org/wiki/16th_century,-95.54181,18.62993
268,663,San Pedro Tlacontintlanapan, ,Tlacotitlanapa,1, ,Estancia,244,Depends on,663, ,0,Acuña 1985;GeoNames_MX, ,https://en.wikipedia.org/wiki/16th_century,-99.34795,17.42289
115,665,Tlacotepec, ,Tlacotepec,1, , ,0, ,665, ,0,Acuña 1985;Tanck de Estrada 2005: Atlas 1800,https://www2.usgs.gov/science/records-matching.php?thcode=3&code=850,https://en.wikipedia.org/wiki/16th_century,-96.8375,19.18722222
146,667,Tlacotlalpa,Tlacotalpa,Tlacotalpan,1, ,Cabeza,0, ,667,Alcaldia Mayor,0,Acuña 1985;Tanck de Estrada 2005: Atlas 1800, ,https://en.wikipedia.org/wiki/16th_century,-95.65638889,18.61194444
135,669,Tonala, ,Tonalá,1, , ,0, ,669, ,0,Acuña 1985;Tanck de Estrada 2005: Atlas 1800,https://www2.usgs.gov/science/records-matching.php?thcode=3&code=850,https://en.wikipedia.org/wiki/16th_century,-97.9625,17.675
195,670,Santiago Tonalapan,Santiago Tonalapa,Tonalapa,1, ,Sujeto,619,Depends on,670, ,0,Acuña 1985;Atlas 2010, ,https://en.wikipedia.org/wiki/16th_century,-97.879722,19.813333
102,671,San Mateo Tlacuchcalco,Tlacuchcalco,Tlacoxcalco,1, ,Estancia,774,Depends on,671, ,0,Acuña 1985;Tanck de Estrada 2005: Atlas 1800, ,https://en.wikipedia.org/wiki/16th_century,-97.32805556,18.28555555
108,672,Tonatico,Matlactonatico;Tzotzocolco,Zozocolco,1, ,Cabecera,0, ,672, ,0,Acuña 1985;Tanck de Estrada 2005: Atlas 1800, ,https://en.wikipedia.org/wiki/16th_century,-97.57388889,20.14055555
454,673,Topocelan,Tepecelan, ,2,Glosa de la pintura de Veracruz, ,0, ,673, ,0,Acuña 1985;Cline 1959,https://www2.usgs.gov/science/records-matching.php?thcode=3&code=850,https://en.wikipedia.org/wiki/16th_century,-96.916882,19.969494
254,674,Río de la Torre, , ,2, ,River,248,Near,674, ,0,Acuña 1985;Allocated by research,https://www2.usgs.gov/science/records-matching.php?thcode=3&code=960,https://en.wikipedia.org/wiki/16th_century,-96.88099709,20.14047627
181,676,Isla Verde, ,Isla Verde,1, ,Island,0, ,676, ,0,Acuña 1985;Google Maps,https://www2.usgs.gov/science/records-matching.php?thcode=3&code=575,https://en.wikipedia.org/wiki/16th_century,-96.06687058,19.19954606
85,677,Totomihuacan, ,Totimehuacan,1, , ,0, ,677, ,0,Acuña 1985;Tanck de Estrada 2005: Atlas 1800,https://www2.usgs.gov/science/records-matching.php?thcode=3&code=850,https://en.wikipedia.org/wiki/16th_century,-98.18555556,18.96833333
406,678,Rio de Vergara, ,Rio Medio,2, ,River,741,Near,678, ,0,Acuña 1985;GeoNames_MX,https://www2.usgs.gov/science/records-matching.php?thcode=3&code=960,https://en.wikipedia.org/wiki/16th_century,-96.201234,19.256728
430,680,Venta de las Vigas,Venta a las Vigas,Las Vigas de Ramirez,1,Glosa de la pintura de Xalapa,Inn,0, ,680, ,0,Acuña 1985;Tanck de Estrada 2005: Atlas 1800,https://www2.usgs.gov/science/records-matching.php?thcode=3&code=143,https://en.wikipedia.org/wiki/16th_century,-97.09861111,19.635
380,681,Tuchco, , ,2,Dissapeared. Glosa de la pintura de Veracruz,Pueblo,0, ,681, ,0,Acuña 1985;GeoNames_MX,https://www2.usgs.gov/science/records-matching.php?thcode=3&code=850,https://en.wikipedia.org/wiki/16th_century,-96.71227,18.99826
31,683,Tuchtepec, ,Tuxtepec,1, , ,0, ,683, ,0,Acuña 1985;Tanck de Estrada 2005: Atlas 1800,https://www2.usgs.gov/science/records-matching.php?thcode=3&code=850,https://en.wikipedia.org/wiki/16th_century,-96.12388889,18.08611111
155,684,Tuchtlan, ,Tuxtla,1, ,Sujeto,281,Depends on,684, ,0,Acuña 1985;Google Maps;Google Earth;unikloc10gw, ,https://en.wikipedia.org/wiki/16th_century,-97.654633,20.000914
205,687,Tuchzonco, ,Tozongo,1, , ,0, ,687, ,0,Acuña 1985;Atlas 2010,https://www2.usgs.gov/science/records-matching.php?thcode=3&code=850,https://en.wikipedia.org/wiki/16th_century,-97.060833,19.100833
34,688,Tulan,Tullan,Tula,1, , ,0, ,688, ,0,Acuña 1985;Tanck de Estrada 2005: Atlas 1800,https://www2.usgs.gov/science/records-matching.php?thcode=3&code=850,https://en.wikipedia.org/wiki/16th_century,-99.34166667,20.05416667
204,691,Tulantzingo,Tullantzingo,Tulancingo,1, , ,0, ,691, ,0,Acuña 1985;Tanck de Estrada 2005: Atlas 1800,https://www2.usgs.gov/science/records-matching.php?thcode=3&code=850,https://en.wikipedia.org/wiki/16th_century,-98.36861111,20.08138889
149,692,Xalatzingo, ,Jalacingo,1, , ,0, ,692, ,0,Acuña 1985;Tanck de Estrada 2005: Atlas 1800,https://www2.usgs.gov/science/records-matching.php?thcode=3&code=850,https://en.wikipedia.org/wiki/16th_century,-97.30833333,19.80416667
156,694,Tututla,San Juan Tututla;San Juan Bautista Tututla,Totutla,1, ,Sujeto,619,Depends on,694, ,0,Acuña 1985;Google Maps;Google Earth;unikloc10gw, ,https://en.wikipedia.org/wiki/16th_century,-97.720725,19.922731
61,695,Xalcomulco,La Rinconada;Xamlo'uco,Jalcomulco,1, ,Cabecera,28,Depends on,695, ,0,Acuña 1985;INEGI: MEX_topoloc, ,https://en.wikipedia.org/wiki/16th_century,-96.76202488,19.33347945
29,696,San Martín Tuzamapan,San Martín Tuzamapa,Tuzamapan,1, ,Sujeto,725,Depends on,696, ,0,Acuña 1985;Tanck de Estrada 2005: Atlas 1800, ,https://en.wikipedia.org/wiki/16th_century,-97.57527778,20.065
37,699,Tuzapan, ,Tuzapan,1, , ,0, ,699, ,0,Acuña 1985;NGA_GNS,https://www2.usgs.gov/science/records-matching.php?thcode=3&code=850,https://en.wikipedia.org/wiki/16th_century,-97.714662,20.470779
137,700,Tuzatlan, ,Tuzantlan,1, ,Estancia,332,Depends on,700, ,0,Acuña 1985;Tanck de Estrada 2005: Atlas 1800, ,https://en.wikipedia.org/wiki/16th_century,-98.32388889,18.36388889
425,701,Venta de Xallatenco, ,Xallitic,1,Glosa de la pintura de Xalapa,Inn,0, ,701, ,0,Acuña 1985;GeoNames_MX,https://www2.usgs.gov/science/records-matching.php?thcode=3&code=143,https://en.wikipedia.org/wiki/16th_century,-96.86171,19.51454
192,705,Tuztlantepeque, , ,1, ,Mountain Range,0, ,705, ,0,Acuña 1985;Allocated by research,https://www2.usgs.gov/science/records-matching.php?thcode=3&code=708,https://en.wikipedia.org/wiki/16th_century,-95.20042027,18.56029592
367,706,Xacuro,Jarruco, ,2,Dissapeared. Related to Tlacotlalpa,Harbor,0, ,706, ,0,Acuña 1985;GeoNames_MX,https://www2.usgs.gov/science/records-matching.php?thcode=3&code=485,https://en.wikipedia.org/wiki/16th_century,-95.96504,18.95941
55,707,Xayacatlan, ,Xayacatlan,1, ,Estancia,6,Depends on,707, ,0,Acuña 1985;Tanck de Estrada 2005: Atlas 1800, ,https://en.wikipedia.org/wiki/16th_century,-97.91555556,18.22166667
40,710,Xicochimalco, ,Xico,1, ,Cabecera,28,Depends on,710, ,0,Acuña 1985;INEGI: MEX_topoloc, ,https://en.wikipedia.org/wiki/16th_century,-97.00999687,19.42412406
274,711,Tzacatzonapan, ,Zacatzonapa,1, ,Estancia,244,Depends on,711, ,0,Acuña 1985;GeoNames_MX, ,https://en.wikipedia.org/wiki/16th_century,-99.342426,17.50042
437,714,Santiago Tzacotlan, ,Santiago Zautla,1, ,Pueblo,625, ,714, ,0,Acuña 1985;GeoNames_MX,https://www2.usgs.gov/science/records-matching.php?thcode=3&code=850,https://en.wikipedia.org/wiki/16th_century,-97.6745,19.714247
134,715,Xilotepec, ,Jilotepec,1, ,Cabecera,28,Depends on,715, ,0,Acuña 1985;INEGI: MEX_topoloc, ,https://en.wikipedia.org/wiki/16th_century,-96.95153637,19.61217923
211,719,Xiuhcoatepequec,Sierra Xiuhcoatepequec, ,2, ,Mountain Range,725,Near,719, ,0,Acuña 1985;Allocated by research,https://www2.usgs.gov/science/records-matching.php?thcode=3&code=708,https://en.wikipedia.org/wiki/16th_century,-97.57725286,20.01536131
296,720,San Andres Tzaqualco, ,San Andres Tuxtla,1, ,Estancia,90,Depends on,720, ,0,Acuña 1985;GeoNames_MX;Garcia de Leon 2011, ,https://en.wikipedia.org/wiki/16th_century,-95.21277,18.448694
201,721,Xixiquila, ,Chichiquila,1, , ,0, ,721, ,0,Acuña 1985;Tanck de Estrada 2005: Atlas 1800,https://www2.usgs.gov/science/records-matching.php?thcode=3&code=850,https://en.wikipedia.org/wiki/16th_century,-97.06638889,19.19916667
320,722,Xococuilla,Sotogüila,Tequila,2,Glosa de la pintura de Veracruz, ,0, ,722, ,0,Acuña 1985;Cline 1959,https://www2.usgs.gov/science/records-matching.php?thcode=3&code=850,https://en.wikipedia.org/wiki/16th_century,-97.07027778,18.72944444
72,725,Xonotla, ,Jonotla,1, ,Cabecera,0, ,725, ,0,Acuña 1985;INEGI: MEX_topoloc, ,https://en.wikipedia.org/wiki/16th_century,-97.57535052,20.03112634
210,729,Cerro Xulocotepec,Xulocotepec, ,2, ,Hill,725,Near,729, ,0,Acuña 1985;Allocated by research,https://www2.usgs.gov/science/records-matching.php?thcode=3&code=710,https://en.wikipedia.org/wiki/16th_century,-97.58605686,20.03296933
426,731,Xuxuixtepexic, , ,2,Dissapeared. Glosa de la pintura de Veracruz,Pueblo,0, ,731, ,0,Acuña 1985;GeoNames_MX,https://www2.usgs.gov/science/records-matching.php?thcode=3&code=850,https://en.wikipedia.org/wiki/16th_century,-96.46641,19.54686
427,736,Yacapichco, , ,2,Dissapeared. Glosa de la pintura de Veracruz,Pueblo,0, ,736, ,0,Acuña 1985;GeoNames_MX,https://www2.usgs.gov/science/records-matching.php?thcode=3&code=850,https://en.wikipedia.org/wiki/16th_century,-96.73263,19.591178
401,738,Ventas de Ramirez, ,Aduana Maritima in the Puerto de Veracruz,1,Related to Tlacotlalpa,Bodega,0, ,738, ,0,Acuña 1985;Garcia de Leon 2011,https://www2.usgs.gov/science/records-matching.php?thcode=3&code=143,https://en.wikipedia.org/wiki/16th_century,-96.137389,19.202267
63,739,Yacapizatlan, ,Petaquillas,1, ,Estancia,655,Depends on,739, ,0,Acuña 1985;Tanck de Estrada 2005: Atlas 1800, ,https://en.wikipedia.org/wiki/16th_century,-99.45555556,17.48555556
66,741,Veracruz,Villa Rica de la Vera Cruz,Palacio Municipal de Veracruz,1, , ,0, ,741, ,0,Acuña 1985;Google Maps,https://www2.usgs.gov/science/records-matching.php?thcode=3&code=850,https://en.wikipedia.org/wiki/16th_century,-96.138136,19.20048293
69,743,Veracruz la Antigua,Villa Rica la Vieja;Veracruz la Vieja;Villa Rica,La Antigua,1, , ,0, ,743, ,0,Acuña 1985;Allocated by research,https://www2.usgs.gov/science/records-matching.php?thcode=3&code=850,https://en.wikipedia.org/wiki/16th_century,-96.32115988,19.32160162
444,744,Yeyitzcuinco, , ,2,Dissapeared. Glosa de la pintura de Veracruz,Pueblo,0, ,744, ,0,Acuña 1985;GeoNames_MX,https://www2.usgs.gov/science/records-matching.php?thcode=3&code=850,https://en.wikipedia.org/wiki/16th_century,-96.79171,19.86482
126,750,Zilucayoapilla, ,San Jerónimo Silacayoapilla,1, ,Sujeto,167,Depends on,750, ,0,Acuña 1985;Google Maps;Google Earth;unikloc10gw, ,https://en.wikipedia.org/wiki/16th_century,-97.844572,17.808168
86,754,Zongolica,Zangüilocan,Zongolica,1, , ,0, ,754, ,0,Acuña 1985;Tanck de Estrada 2005: Atlas 1800,https://www2.usgs.gov/science/records-matching.php?thcode=3&code=850,https://en.wikipedia.org/wiki/16th_century,-96.99722222,18.66611111
109,755,Zongozotlan, ,Zongozotla,1, ,Sujeto,281,Depends on,755, ,0,Acuña 1985;Google Maps;Google Earth;unikloc10gw, ,https://en.wikipedia.org/wiki/16th_century,-97.727285,19.978653
237,757,Sierra de Zotola,Zotola, ,2, , ,0, ,757, ,0,Acuña 1985;Allocated by research,https://www2.usgs.gov/science/records-matching.php?thcode=3&code=850,https://en.wikipedia.org/wiki/16th_century,-97.78679452,19.83827662
107,759,Zacatlan, ,Zacatlan,1, ,Cabecera,0, ,759, ,0,Acuña 1985;INEGI: MEX_topoloc, ,https://en.wikipedia.org/wiki/16th_century,-97.96144037,19.93615421
470,760,Zoyaltepec,Tzoyaltepeque,Isla del Viejo Soyaltepec,1,Glosa de la pintura de Veracruz,Pueblo,0, ,760, ,0,Acuña 1985;GeoNames_MX,https://www2.usgs.gov/science/records-matching.php?thcode=3&code=850,https://en.wikipedia.org/wiki/16th_century,-96.48277778,18.2
234,761,Sierra Zoyapetlayo,Zoyapetlayo, ,2, ,Mountain Range,0, ,761, ,0,Acuña 1985;Allocated by research,https://www2.usgs.gov/science/records-matching.php?thcode=3&code=708,https://en.wikipedia.org/wiki/16th_century,-98.01353538,18.78623586
5,762,Zacatula, ,Zacatula,1, , ,0, ,762, ,0,Acuña 1985;Atlas 2010,https://www2.usgs.gov/science/records-matching.php?thcode=3&code=850,https://en.wikipedia.org/wiki/16th_century,-102.178056,18.006111
0,763,Zoyatitlanapan,Zoyatitlanapa;Zaoyatitlanapan,Zoyatitlanapan,1, , ,0, ,763, ,0,Acuña 1985;Tanck de Estrada 2005: Atlas 1800,https://www2.usgs.gov/science/records-matching.php?thcode=3&code=850,https://en.wikipedia.org/wiki/16th_century,-98.14833333,18.655
48,765,Zapotitlan, ,Zapotitlan,1, , ,0, ,765, ,0,Acuña 1985;Tanck de Estrada 2005: Atlas 1800,https://www2.usgs.gov/science/records-matching.php?thcode=3&code=850,https://en.wikipedia.org/wiki/16th_century,-97.47472222,18.32805555
169,766,Zapotitlan, ,Zapotitlan,1, ,Sujeto,281,Depends on,766, ,0,Acuña 1985;Tanck de Estrada 2005: Atlas 1800, ,https://en.wikipedia.org/wiki/16th_century,-97.71611111,20.00027778
298,767,Punta de Zapotitlan, ,El Faro de Zapotitlan,1, , ,667,Near,767, ,0,Acuña 1985;Garcia de Leon 2011,https://www2.usgs.gov/science/records-matching.php?thcode=3&code=850,https://en.wikipedia.org/wiki/16th_century,-94.811678,18.533391
133,768,Minas de Zultepec, ,Sultepequito,1, ,Mining Camp,0, ,768, ,0,Acuña 1985;Tanck de Estrada 2005: Atlas 1800,https://www2.usgs.gov/science/records-matching.php?thcode=3&code=685,https://en.wikipedia.org/wiki/16th_century,-100.0180556,18.80638889
101,769,Zumpango,Minas de Zumpango;Tzumpango;Zumpango,Zumpango Del Rio,1, , ,0, ,769, ,0,Acuña 1985;Tanck de Estrada 2005: Atlas 1800,https://www2.usgs.gov/science/records-matching.php?thcode=3&code=850,https://en.wikipedia.org/wiki/16th_century,-99.52638889,17.65194444
203,771,Venta de Buitrón, , ,2,https://aguapasada.files.wordpress.com/2012/01/veracruz-mapa-siglo-xx-www-foroxerbar-com.jpg,Inn,0, ,771, ,0,Acuña 1985;,https://www2.usgs.gov/science/records-matching.php?thcode=3&code=143,https://en.wikipedia.org/wiki/16th_century,-96.12816422,19.17253562
116,772,Acatlan, ,Acatlan,1, ,Cabecera,28,Depends on,772, ,0,Acuña 1985;Tanck de Estrada 2005: Atlas 1800, ,https://en.wikipedia.org/wiki/16th_century,-96.84055556,19.6975
153,773,Huehuetlan, ,Huehuetla,1, ,Sujeto,281,Depends on,773, ,0,Acuña 1985;Tanck de Estrada 2005: Atlas 1800, ,https://en.wikipedia.org/wiki/16th_century,-97.62166667,20.10694444
174,774,Cuzcatlan,Acuzatlan,Coxcatlan,1, ,Cabecera,0, ,774, ,0,Acuña 1985;INEGI: MEX_topoloc, ,https://en.wikipedia.org/wiki/16th_century,-97.15064989,18.26664894
373,776,San Juan, ,San Juan Acozac,2, ,Estancia,608,Depends on,776, ,0,Acuña 1985;GeoNames_MX, ,https://en.wikipedia.org/wiki/16th_century,-97.821944,18.97
355,777,San Pablo, ,San Pablo,2, ,Estancia,608,Depends on,777, ,0,Acuña 1985;GeoNames_MX, ,https://en.wikipedia.org/wiki/16th_century,-97.913889,18.924444
356,778,San Salvador,San Salvador de Quecholac,San Salvador Huixcolo,2, ,Sujeto,528,Depends on,778, ,363,Acuña 1985;GeoNames_MX, ,https://en.wikipedia.org/wiki/16th_century,-97.778611,18.924722
371,779,San Juan, ,San Juan Tlacomulco,2, ,Sujeto,363,Depends on,779, ,0,Acuña 1985;GeoNames_MX, ,https://en.wikipedia.org/wiki/16th_century,-97.700833,18.966111
343,780,La Santisima Trinidad, ,La Trinidad Tianguismanalco,2, ,Sujeto,523,Depends on,780, ,0,Acuña 1985;Tanck de Estrada 2005: Atlas 1800, ,https://en.wikipedia.org/wiki/16th_century,-98.03222222,18.89333333
388,781,San Salvador,San Salvador de Tepeaca,San Salvador Tepalca,2, ,Sujeto,523,Depends on,781,Estancia,608,Acuña 1985;GeoNames_MX, ,https://en.wikipedia.org/wiki/16th_century,-98.008333,19.034444
197,783,Amatlan,San Pedro,Amatitla,2, ,Estancia,224,Depends on,783, ,0,Acuña 1985;Atlas 2010, ,https://en.wikipedia.org/wiki/16th_century,-96.969444,19.286389
71,784,Coatepec, ,Coatepec,1, ,Cabecera,28,Depends on,784, ,0,Acuña 1985;INEGI: MEX_topoloc, ,https://en.wikipedia.org/wiki/16th_century,-96.95904408,19.45467235
158,785,Miahuatlan, ,Miahuatlan,1, ,Cabecera,28,Depends on,785, ,0,Acuña 1985;Tanck de Estrada 2005: Atlas 1800, ,https://en.wikipedia.org/wiki/16th_century,-96.87,19.70777778
162,786,Chachalaca, ,Río Actopan,1, ,River,0, ,786, ,0,Acuña 1985;Allocated by research,https://www2.usgs.gov/science/records-matching.php?thcode=3&code=960,https://en.wikipedia.org/wiki/16th_century,-96.33756458,19.40945351
184,787,Isla Blanca de Antón Nizardo, ,Arrecife Blanca,1, ,Island,0, ,787, ,0,Acuña 1985;GeoNames_Mx,https://www2.usgs.gov/science/records-matching.php?thcode=3&code=575,https://en.wikipedia.org/wiki/16th_century,-96,19.08333
189,788,Santiago Acatlan, ,Acatlan,1, ,Sujeto,608,Depends on,788, ,0,Acuña 1985;Tanck de Estrada 2005: Atlas 1800, ,https://en.wikipedia.org/wiki/16th_century,-97.93083333,18.99333333
440,789,San Juan de Zacatlan, ,San Juan,2, ,Sujeto,759,Depends on,789, ,0,Acuña 1985;GeoNames_MX, ,https://en.wikipedia.org/wiki/16th_century,-98.168889,19.791667
206,790,Cintla,Cintla,Zentla,1, , ,0, ,790, ,0,Acuña 1985;Tanck de Estrada 2005: Atlas 1800,https://www2.usgs.gov/science/records-matching.php?thcode=3&code=850,https://en.wikipedia.org/wiki/16th_century,-96.8125,19.09861111
223,791,Totolan, , ,1, , ,0, ,791, ,0,Acuña 1985;ProspeccionesVeracruz,https://www2.usgs.gov/science/records-matching.php?thcode=3&code=850,https://en.wikipedia.org/wiki/16th_century,-96.69928916,20.06121326
226,792,Atliztaca, ,Atlixtac,1, ,Pueblo,55,Depends on,792, ,0,Acuña 1985;Tanck de Estrada 2005: Atlas 1800,https://www2.usgs.gov/science/records-matching.php?thcode=3&code=850,https://en.wikipedia.org/wiki/16th_century,-98.93333333,17.56222222
227,793,Xalapa, ,Jalapa De Diaz,1, , ,0, ,793, ,0,Acuña 1985;INEGI: MEX_topoloc,https://www2.usgs.gov/science/records-matching.php?thcode=3&code=850,https://en.wikipedia.org/wiki/16th_century,-96.53413899,18.07140173
229,794,Putalçinco,Petlaltzinco, ,2, , ,0, ,794, ,0,Acuña 1985;Allocated by research,https://www2.usgs.gov/science/records-matching.php?thcode=3&code=850,https://en.wikipedia.org/wiki/16th_century,-96.216812,18.153233
